config_id,source_paper_id,registry_source_id,source_title_short,source_method,source_method_status,fidelity_label,experiment_role,estimator_or_rule,settings_id,task_type,target_schema_id,inferential_family_id,common_horizons_sessions,feature_pipeline_scope,source_native_target,source_native_horizon,source_native_data_window,source_native_split,source_locator,project_adaptation_or_deviation,expected_data_dependencies,config_disposition,confirmatory_inference_member,counts_toward_93_cap,pipeline_class_count,horizon_count,max_evaluation_cells,max_fit_calls_at_3_seeds,limitations_and_blockers,merged_source_config_ids
C001,P02,NONE,Mehtab & Sen,Logistic Regression classifier,AUTHOR-IMPLEMENTED,PROJECT-ADAPTATION,COMMON_DIRECTION_PROJECT_ADAPTATION,Logistic Regression classifier,LOGISTIC_CLASSIFIER,classification,COMMON_DIRECTION_3CLASS,COMMON_DIRECTION_3CLASS,1|2|3|5|10,CORE_OHLCV_TECH|EXTERNAL_MARKET|FLOWS_OPTIONS|TIMESTAMPED_SENTIMENT_FUSION,binary normalized-close movement classification / one-week normalized-close regression,,NIFTY 2015-01 to 2019-06,2015–2017 training; 2018–2019 test; one-week regression task,PAPER_SOURCE_EVIDENCE_MATRIX.md — Paper 2; PDF pp. 2–5,Convert source binary classifier to common three-class probability task or price regression on NIFTY; common horizons and train-only preprocessing are adaptations.,NIFTY daily OHLCV with valid exchange-session and publication timestamps,ELIGIBLE_AFTER_PPR4_PPR5_GATES,true,true,4,5,20,60,Three-class NIFTY target differs from the source's binary movement label; probability calibration and all preprocessing must be fit only within chronological training data.,
R001,P01 | P05,NONE,Bansal et al. 2022 | Cureus Sain & Singh 2026,KNN regressor,AUTHOR-IMPLEMENTED,PROJECT-ADAPTATION,COMMON_CLOSE_PRICE_PROJECT_ADAPTATION,KNN regressor,KNN_REGRESSION,price_regression,COMMON_CLOSE_REGRESSION,COMMON_CLOSE_REGRESSION,1|2|3|5|10,CORE_OHLCV_TECH|EXTERNAL_MARKET|FLOWS_OPTIONS|TIMESTAMPED_SENTIMENT_FUSION,stock-price regression across 12-company panel | next-session open and close price regression,,Jan 2015–Apr 2021; 12 companies (abstract/date wording conflict) | 5/10/20-year windows; 20-year window Jun 2006–Jun 2026 claimed,99:1 plus random-split wording; exact chronology ambiguous | Chronological 80:20; TimeSeriesSplit for RF/XGBoost tuning,PAPER_SOURCE_EVIDENCE_MATRIX.md — Paper 1; PDF pp. 9–17 | PAPER_SOURCE_EVIDENCE_MATRIX.md — Paper 5; PDF pp. 6–18,"Adapt estimator to NIFTY index close, expanding walk-forward; paper's multi-company task/random split is not an exact replication. | Use common horizons for close forecasts and next-open h=1 only; preserve native windows as data coverage requirements; train-only preprocessing/tuning.",NIFTY daily OHLCV with valid exchange-session and publication timestamps,ELIGIBLE_AFTER_PPR4_PPR5_GATES,true,true,4,5,20,60,Scored only as close-price absolute error in index points; any direction derived from the predicted price is descriptive and excluded from the confirmatory Brier family.,R024
X001,P09,NONE,IJSDR 2023 NIFTY-50 Stock Prediction Master,LSTM next-30-day native task,NOT_VERIFIED,AMBIGUOUS,PAPER_NATIVE_TASK_BLOCKED,LSTM — native task not reproducible,BLOCKED_NATIVE_30_SESSION,not_applicable,NOT_IN_COMMON_GRID,NONE,NONE,NONE,Next-30-day price forecast; the exact endpoint and 83.88% accuracy definition are unresolved,UNRESOLVED,2011-12-10 to 2021-12-10 claimed,Not sufficiently reproducible in inspected PDF,PAPER_SOURCE_EVIDENCE_MATRIX.md — Paper 9; PDF pp. 1–5,No adaptation is included in confirmatory set; this row preserves a source/method backlog item.,Not authorized until source fidelity and target/task definition are reviewed.,BLOCKED_METHOD,false,false,0,0,0,0,"Target endpoint, trading-session interpretation, architecture details and accuracy formula are unresolved. Do not silently equate 30 calendar days with 30 trading sessions.",
C002,P02,NONE,Mehtab & Sen,KNN classifier,AUTHOR-IMPLEMENTED,PROJECT-ADAPTATION,COMMON_DIRECTION_PROJECT_ADAPTATION,KNN classifier,KNN_CLASSIFIER,classification,COMMON_DIRECTION_3CLASS,COMMON_DIRECTION_3CLASS,1|2|3|5|10,CORE_OHLCV_TECH|EXTERNAL_MARKET|FLOWS_OPTIONS|TIMESTAMPED_SENTIMENT_FUSION,binary normalized-close movement classification / one-week normalized-close regression,,NIFTY 2015-01 to 2019-06,2015–2017 training; 2018–2019 test; one-week regression task,PAPER_SOURCE_EVIDENCE_MATRIX.md — Paper 2; PDF pp. 2–5,Convert source binary classifier to common three-class probability task or price regression on NIFTY; common horizons and train-only preprocessing are adaptations.,NIFTY daily OHLCV with valid exchange-session and publication timestamps,ELIGIBLE_AFTER_PPR4_PPR5_GATES,true,true,4,5,20,60,Three-class NIFTY target differs from the source's binary movement label; probability calibration and all preprocessing must be fit only within chronological training data.,
R002,P01 | P05 | P10,NONE,Bansal et al. 2022 | Cureus Sain & Singh 2026 | Kallimath et al. ISMLA 2025,Linear Regression,AUTHOR-IMPLEMENTED,PROJECT-ADAPTATION,COMMON_CLOSE_PRICE_PROJECT_ADAPTATION | ARCHITECTURE_PRICE_PROJECT_ADAPTATION,Linear Regression,LINEAR_REGRESSION,price_regression,COMMON_CLOSE_REGRESSION,COMMON_CLOSE_REGRESSION,1|2|3|5|10,CORE_OHLCV_TECH|EXTERNAL_MARKET|FLOWS_OPTIONS|TIMESTAMPED_SENTIMENT_FUSION,stock-price regression across 12-company panel | next-session open and close price regression | price prediction claimed; actual target/data schema remains ambiguous,,Jan 2015–Apr 2021; 12 companies (abstract/date wording conflict) | 5/10/20-year windows; 20-year window Jun 2006–Jun 2026 claimed | Kaggle data contains option-like callOpen/callHigh/callLow/callClose fields,"99:1 plus random-split wording; exact chronology ambiguous | Chronological 80:20; TimeSeriesSplit for RF/XGBoost tuning | 2,350 train / 235 test; order unclear; reported 50 iterations","PAPER_SOURCE_EVIDENCE_MATRIX.md — Paper 1; PDF pp. 9–17 | PAPER_SOURCE_EVIDENCE_MATRIX.md — Paper 5; PDF pp. 6–18 | PAPER_SOURCE_EVIDENCE_MATRIX.md — Paper 10; PDF pp. 6, 8–12","Adapt estimator to NIFTY index close, expanding walk-forward; paper's multi-company task/random split is not an exact replication. | Use common horizons for close forecasts and next-open h=1 only; preserve native windows as data coverage requirements; train-only preprocessing/tuning. | Use standardized architecture as a PROJECT-ADAPTATION on NIFTY close; does not reproduce ambiguous source target/data schema. Standardized architecture is project-defined; source target/schema ambiguity remains and author-reported metrics are not used. Common estimator/settings merged with the same close-regression row from other sources.",NIFTY daily OHLCV with valid exchange-session and publication timestamps,ELIGIBLE_AFTER_PPR4_PPR5_GATES,true,true,4,5,20,60,"Scored only as close-price absolute error in index points; any direction derived from the predicted price is descriptive and excluded from the confirmatory Brier family. | Must pass source, data, PIT, offline-code and exact-snapshot tester gates before fitting; adaptation is not exact paper replication.",R018 | R042
X002,L012,L012,Option Return Predictability — ML,Option-return prediction,NOT_VERIFIED,AMBIGUOUS,DIFFERENT_TARGET_OUT_OF_SCOPE,Not instantiated in PPR3 common target grid,OUT_OF_SCOPE_OPTION_RETURN,not_applicable,NOT_IN_COMMON_GRID,NONE,NONE,NONE,Individual option return by moneyness/maturity,UNRESOLVED,Source-specific option universe,Requires separate full-text/source verification,PPR2_LITERATURE_REGISTRY_CROSSWALK.csv — L012,No adaptation is included in confirmatory set; this row preserves a source/method backlog item.,Not authorized until source fidelity and target/task definition are reviewed.,OUT_OF_SCOPE_DIFFERENT_TARGET,false,false,0,0,0,0,Option-return forecasts are not interchangeable with NIFTY spot direction; defer to a separately gated option-target phase.,
C003,P02,NONE,Mehtab & Sen,Decision Tree classifier,AUTHOR-IMPLEMENTED,PROJECT-ADAPTATION,COMMON_DIRECTION_PROJECT_ADAPTATION,Decision Tree classifier,TREE_CLASSIFIER,classification,COMMON_DIRECTION_3CLASS,COMMON_DIRECTION_3CLASS,1|2|3|5|10,CORE_OHLCV_TECH|EXTERNAL_MARKET|FLOWS_OPTIONS|TIMESTAMPED_SENTIMENT_FUSION,binary normalized-close movement classification / one-week normalized-close regression,,NIFTY 2015-01 to 2019-06,2015–2017 training; 2018–2019 test; one-week regression task,PAPER_SOURCE_EVIDENCE_MATRIX.md — Paper 2; PDF pp. 2–5,Convert source binary classifier to common three-class probability task or price regression on NIFTY; common horizons and train-only preprocessing are adaptations.,NIFTY daily OHLCV with valid exchange-session and publication timestamps,ELIGIBLE_AFTER_PPR4_PPR5_GATES,true,true,4,5,20,60,Three-class NIFTY target differs from the source's binary movement label; probability calibration and all preprocessing must be fit only within chronological training data.,
R003,P01 | P02 | P04 | P05,NONE,"Bansal et al. 2022 | Mehtab & Sen | ANN with FII/FX, 2023 | Cureus Sain & Singh 2026",Support Vector Regression | SVM/SVR regressor | SVM/SVR comparison regressor | SVR,AUTHOR-IMPLEMENTED,PROJECT-ADAPTATION,COMMON_CLOSE_PRICE_PROJECT_ADAPTATION,Support Vector Regression,SVR_REGRESSION,price_regression,COMMON_CLOSE_REGRESSION,COMMON_CLOSE_REGRESSION,1|2|3|5|10,CORE_OHLCV_TECH|EXTERNAL_MARKET|FLOWS_OPTIONS|TIMESTAMPED_SENTIMENT_FUSION,stock-price regression across 12-company panel | binary normalized-close movement classification / one-week normalized-close regression | daily NIFTY close regression using FII buys/sells and USD/INR | next-session open and close price regression,,Jan 2015–Apr 2021; 12 companies (abstract/date wording conflict) | NIFTY 2015-01 to 2019-06 | Reported 2018–2023; data-count/date details need field-level reconciliation | 5/10/20-year windows; 20-year window Jun 2006–Jun 2026 claimed,99:1 plus random-split wording; exact chronology ambiguous | 2015–2017 training; 2018–2019 test; one-week regression task | 65:35 and 70:30 both reported; per-model assignment ambiguous | Chronological 80:20; TimeSeriesSplit for RF/XGBoost tuning,PAPER_SOURCE_EVIDENCE_MATRIX.md — Paper 1; PDF pp. 9–17 | PAPER_SOURCE_EVIDENCE_MATRIX.md — Paper 2; PDF pp. 2–5 | PAPER_SOURCE_EVIDENCE_MATRIX.md — Paper 4; PDF pp. 4–7 | PAPER_SOURCE_EVIDENCE_MATRIX.md — Paper 5; PDF pp. 6–18,"Adapt estimator to NIFTY index close, expanding walk-forward; paper's multi-company task/random split is not an exact replication. | Convert source binary classifier to common three-class probability task or price regression on NIFTY; common horizons and train-only preprocessing are adaptations. | Implement named ANN/SVM model families on common close target; source split/date ambiguity is not silently resolved. | Use common horizons for close forecasts and next-open h=1 only; preserve native windows as data coverage requirements; train-only preprocessing/tuning.",NIFTY daily OHLCV with valid exchange-session and publication timestamps,ELIGIBLE_AFTER_PPR4_PPR5_GATES,true,true,4,5,20,60,Scored only as close-price absolute error in index points; any direction derived from the predicted price is descriptive and excluded from the confirmatory Brier family.,R012 | R017 | R023
X003,L018,L018,ML option price prediction,Option-contract price forecasting,NOT_VERIFIED,AMBIGUOUS,DIFFERENT_TARGET_OUT_OF_SCOPE,Not instantiated in PPR3 common target grid,OUT_OF_SCOPE_OPTION_PRICE,not_applicable,NOT_IN_COMMON_GRID,NONE,NONE,NONE,Option contract price,UNRESOLVED,Source-native window not fully audited,Source-native split not verified,PPR2_LITERATURE_REGISTRY_CROSSWALK.csv — L018,No adaptation is included in confirmatory set; this row preserves a source/method backlog item.,Not authorized until source fidelity and target/task definition are reviewed.,OUT_OF_SCOPE_DIFFERENT_TARGET,false,false,0,0,0,0,Option premium forecasting requires contract/strike/expiry data and a different target; no option pricing model execution is authorized.,
C004,P02,NONE,Mehtab & Sen,Bagging classifier,AUTHOR-IMPLEMENTED,PROJECT-ADAPTATION,COMMON_DIRECTION_PROJECT_ADAPTATION,Bagging classifier,BAGGING_CLASSIFIER,classification,COMMON_DIRECTION_3CLASS,COMMON_DIRECTION_3CLASS,1|2|3|5|10,CORE_OHLCV_TECH|EXTERNAL_MARKET|FLOWS_OPTIONS|TIMESTAMPED_SENTIMENT_FUSION,binary normalized-close movement classification / one-week normalized-close regression,,NIFTY 2015-01 to 2019-06,2015–2017 training; 2018–2019 test; one-week regression task,PAPER_SOURCE_EVIDENCE_MATRIX.md — Paper 2; PDF pp. 2–5,Convert source binary classifier to common three-class probability task or price regression on NIFTY; common horizons and train-only preprocessing are adaptations.,NIFTY daily OHLCV with valid exchange-session and publication timestamps,ELIGIBLE_AFTER_PPR4_PPR5_GATES,true,true,4,5,20,60,Three-class NIFTY target differs from the source's binary movement label; probability calibration and all preprocessing must be fit only within chronological training data.,
R004,P01 | P02 | P05,NONE,Bansal et al. 2022 | Mehtab & Sen | Cureus Sain & Singh 2026,Decision Tree Regression | Decision Tree regressor,AUTHOR-IMPLEMENTED,PROJECT-ADAPTATION,COMMON_CLOSE_PRICE_PROJECT_ADAPTATION,Decision Tree Regression,TREE_REGRESSION,price_regression,COMMON_CLOSE_REGRESSION,COMMON_CLOSE_REGRESSION,1|2|3|5|10,CORE_OHLCV_TECH|EXTERNAL_MARKET|FLOWS_OPTIONS|TIMESTAMPED_SENTIMENT_FUSION,stock-price regression across 12-company panel | binary normalized-close movement classification / one-week normalized-close regression | next-session open and close price regression,,Jan 2015–Apr 2021; 12 companies (abstract/date wording conflict) | NIFTY 2015-01 to 2019-06 | 5/10/20-year windows; 20-year window Jun 2006–Jun 2026 claimed,99:1 plus random-split wording; exact chronology ambiguous | 2015–2017 training; 2018–2019 test; one-week regression task | Chronological 80:20; TimeSeriesSplit for RF/XGBoost tuning,PAPER_SOURCE_EVIDENCE_MATRIX.md — Paper 1; PDF pp. 9–17 | PAPER_SOURCE_EVIDENCE_MATRIX.md — Paper 2; PDF pp. 2–5 | PAPER_SOURCE_EVIDENCE_MATRIX.md — Paper 5; PDF pp. 6–18,"Adapt estimator to NIFTY index close, expanding walk-forward; paper's multi-company task/random split is not an exact replication. | Convert source binary classifier to common three-class probability task or price regression on NIFTY; common horizons and train-only preprocessing are adaptations. | Use common horizons for close forecasts and next-open h=1 only; preserve native windows as data coverage requirements; train-only preprocessing/tuning.",NIFTY daily OHLCV with valid exchange-session and publication timestamps,ELIGIBLE_AFTER_PPR4_PPR5_GATES,true,true,4,5,20,60,Scored only as close-price absolute error in index points; any direction derived from the predicted price is descriptive and excluded from the confirmatory Brier family.,R007 | R025
X004,L031,L031,Open Interest Repositioning around Intraday Structure Breaks,PE-minus-CE OI around BOS/CHOCH,NOT_VERIFIED,AMBIGUOUS,REPLICATION_HYPOTHESIS_BLOCKED,No fully specified forecast estimator in abstract,BLOCKED_ABSTRACT_ONLY,not_applicable,NOT_IN_COMMON_GRID,NONE,NONE,NONE,OI repositioning association around structure breaks; forecast target/formula unresolved,UNRESOLVED,Abstract says one-year NIFTY options sample,Not established,PPR2_LITERATURE_REGISTRY_CROSSWALK.csv — L031; abstract only,No adaptation is included in confirmatory set; this row preserves a source/method backlog item.,Not authorized until source fidelity and target/task definition are reviewed.,BLOCKED_METHOD,false,false,0,0,0,0,"The abstract is not enough to define event detection, source timestamps, model, forecast endpoint or evaluation split.",
C005,P02,NONE,Mehtab & Sen,Boosting classifier,AUTHOR-IMPLEMENTED,PROJECT-ADAPTATION,COMMON_DIRECTION_PROJECT_ADAPTATION,Boosting classifier,BOOSTING_CLASSIFIER,classification,COMMON_DIRECTION_3CLASS,COMMON_DIRECTION_3CLASS,1|2|3|5|10,CORE_OHLCV_TECH|EXTERNAL_MARKET|FLOWS_OPTIONS|TIMESTAMPED_SENTIMENT_FUSION,binary normalized-close movement classification / one-week normalized-close regression,,NIFTY 2015-01 to 2019-06,2015–2017 training; 2018–2019 test; one-week regression task,PAPER_SOURCE_EVIDENCE_MATRIX.md — Paper 2; PDF pp. 2–5,Convert source binary classifier to common three-class probability task or price regression on NIFTY; common horizons and train-only preprocessing are adaptations.,NIFTY daily OHLCV with valid exchange-session and publication timestamps,ELIGIBLE_AFTER_PPR4_PPR5_GATES,true,true,4,5,20,60,Three-class NIFTY target differs from the source's binary movement label; probability calibration and all preprocessing must be fit only within chronological training data.,
R005,P01 | P02 | P10,NONE,Bansal et al. 2022 | Mehtab & Sen | Kallimath et al. ISMLA 2025,LSTM regressor | LSTM,AUTHOR-IMPLEMENTED,PROJECT-ADAPTATION,COMMON_CLOSE_PRICE_PROJECT_ADAPTATION | ARCHITECTURE_PRICE_PROJECT_ADAPTATION,LSTM regressor,LSTM_REGRESSION,price_regression,COMMON_CLOSE_REGRESSION,COMMON_CLOSE_REGRESSION,1|2|3|5|10,CORE_OHLCV_TECH|EXTERNAL_MARKET|FLOWS_OPTIONS|TIMESTAMPED_SENTIMENT_FUSION,stock-price regression across 12-company panel | binary normalized-close movement classification / one-week normalized-close regression | price prediction claimed; actual target/data schema remains ambiguous,,Jan 2015–Apr 2021; 12 companies (abstract/date wording conflict) | NIFTY 2015-01 to 2019-06 | Kaggle data contains option-like callOpen/callHigh/callLow/callClose fields,"99:1 plus random-split wording; exact chronology ambiguous | 2015–2017 training; 2018–2019 test; one-week regression task | 2,350 train / 235 test; order unclear; reported 50 iterations","PAPER_SOURCE_EVIDENCE_MATRIX.md — Paper 1; PDF pp. 9–17 | PAPER_SOURCE_EVIDENCE_MATRIX.md — Paper 2; PDF pp. 2–5 | PAPER_SOURCE_EVIDENCE_MATRIX.md — Paper 10; PDF pp. 6, 8–12","Adapt estimator to NIFTY index close, expanding walk-forward; paper's multi-company task/random split is not an exact replication. | Convert source binary classifier to common three-class probability task or price regression on NIFTY; common horizons and train-only preprocessing are adaptations. | Use standardized architecture as a PROJECT-ADAPTATION on NIFTY close; does not reproduce ambiguous source target/data schema. Standardized architecture is project-defined; source target/schema ambiguity remains and author-reported metrics are not used. Common architecture/settings merged with the same close-regression row from other sources.",NIFTY daily OHLCV with valid exchange-session and publication timestamps,ELIGIBLE_AFTER_PPR4_PPR5_GATES,true,true,4,5,20,60,"Scored only as close-price absolute error in index points; any direction derived from the predicted price is descriptive and excluded from the confirmatory Brier family. | Must pass source, data, PIT, offline-code and exact-snapshot tester gates before fitting; adaptation is not exact paper replication.",R013 | R043
X005,L032,L032,Explainable XGBoost for NIFTY direction,XGBoost + SHAP as named in title,NOT_VERIFIED,AMBIGUOUS,REPLICATION_TARGET_BLOCKED,Exact model not source-verified in PPR2,BLOCKED_METADATA_ONLY,not_applicable,NOT_IN_COMMON_GRID,NONE,NONE,NONE,NIFTY direction claim; exact definition not verified,UNRESOLVED,Metadata only,Not verified,PPR2_LITERATURE_REGISTRY_CROSSWALK.csv — L032; metadata only,No adaptation is included in confirmatory set; this row preserves a source/method backlog item.,Not authorized until source fidelity and target/task definition are reviewed.,BLOCKED_METHOD,false,false,0,0,0,0,"Do not treat title as sufficient for features, target, split or metric. Generic XGBoost adaptation C022 does not count as this source's replication.",
C006,P02,NONE,Mehtab & Sen,Random Forest classifier,AUTHOR-IMPLEMENTED,PROJECT-ADAPTATION,COMMON_DIRECTION_PROJECT_ADAPTATION,Random Forest classifier,RANDOM_FOREST_CLASSIFIER,classification,COMMON_DIRECTION_3CLASS,COMMON_DIRECTION_3CLASS,1|2|3|5|10,CORE_OHLCV_TECH|EXTERNAL_MARKET|FLOWS_OPTIONS|TIMESTAMPED_SENTIMENT_FUSION,binary normalized-close movement classification / one-week normalized-close regression,,NIFTY 2015-01 to 2019-06,2015–2017 training; 2018–2019 test; one-week regression task,PAPER_SOURCE_EVIDENCE_MATRIX.md — Paper 2; PDF pp. 2–5,Convert source binary classifier to common three-class probability task or price regression on NIFTY; common horizons and train-only preprocessing are adaptations.,NIFTY daily OHLCV with valid exchange-session and publication timestamps,ELIGIBLE_AFTER_PPR4_PPR5_GATES,true,true,4,5,20,60,Three-class NIFTY target differs from the source's binary movement label; probability calibration and all preprocessing must be fit only within chronological training data.,
R006,P02,NONE,Mehtab & Sen,Multivariate/linear regression,AUTHOR-IMPLEMENTED,PROJECT-ADAPTATION,COMMON_CLOSE_PRICE_PROJECT_ADAPTATION,Multivariate/linear regression,MULTIVARIATE_REGRESSION,price_regression,COMMON_CLOSE_REGRESSION,COMMON_CLOSE_REGRESSION,1|2|3|5|10,CORE_OHLCV_TECH|EXTERNAL_MARKET|FLOWS_OPTIONS|TIMESTAMPED_SENTIMENT_FUSION,binary normalized-close movement classification / one-week normalized-close regression,,NIFTY 2015-01 to 2019-06,2015–2017 training; 2018–2019 test; one-week regression task,PAPER_SOURCE_EVIDENCE_MATRIX.md — Paper 2; PDF pp. 2–5,Convert source binary classifier to common three-class probability task or price regression on NIFTY; common horizons and train-only preprocessing are adaptations.,NIFTY daily OHLCV with valid exchange-session and publication timestamps,ELIGIBLE_AFTER_PPR4_PPR5_GATES,true,true,4,5,20,60,Scored only as close-price absolute error in index points; any direction derived from the predicted price is descriptive and excluded from the confirmatory Brier family.,
X006,L033,L033,News Sentiment and NIFTY Forecasting,Sentiment + deep-learning claim,NOT_VERIFIED,AMBIGUOUS,REPLICATION_TARGET_BLOCKED,Exact configuration not full-text verified,BLOCKED_ABSTRACT_METADATA,not_applicable,NOT_IN_COMMON_GRID,NONE,NONE,NONE,Source-native NIFTY forecasting task; full text/label unclear,UNRESOLVED,Abstract/metadata only,Not verified,PPR2_LITERATURE_REGISTRY_CROSSWALK.csv — L033; abstract/metadata,No adaptation is included in confirmatory set; this row preserves a source/method backlog item.,Not authorized until source fidelity and target/task definition are reviewed.,BLOCKED_METHOD,false,false,0,0,0,0,Distinct source from uploaded P07; it cannot be credited by conceptual BERT-LSTM overlap.,
C007,P02,NONE,Mehtab & Sen,ANN classifier,AUTHOR-IMPLEMENTED,PROJECT-ADAPTATION,COMMON_DIRECTION_PROJECT_ADAPTATION,ANN classifier,MLP_CLASSIFIER,classification,COMMON_DIRECTION_3CLASS,COMMON_DIRECTION_3CLASS,1|2|3|5|10,CORE_OHLCV_TECH|EXTERNAL_MARKET|FLOWS_OPTIONS|TIMESTAMPED_SENTIMENT_FUSION,binary normalized-close movement classification / one-week normalized-close regression,,NIFTY 2015-01 to 2019-06,2015–2017 training; 2018–2019 test; one-week regression task,PAPER_SOURCE_EVIDENCE_MATRIX.md — Paper 2; PDF pp. 2–5,Convert source binary classifier to common three-class probability task or price regression on NIFTY; common horizons and train-only preprocessing are adaptations.,NIFTY daily OHLCV with valid exchange-session and publication timestamps,ELIGIBLE_AFTER_PPR4_PPR5_GATES,true,true,4,5,20,60,Three-class NIFTY target differs from the source's binary movement label; probability calibration and all preprocessing must be fit only within chronological training data.,
X007,L034,L034,Wavelet decomposed cross-country NIFTY prediction,Wavelet + PSO + LightGBM,NOT_VERIFIED,AMBIGUOUS,REPLICATION_TARGET_BLOCKED,Exact pipeline not source-verified,BLOCKED_METADATA_ONLY,not_applicable,NOT_IN_COMMON_GRID,NONE,NONE,NONE,Cross-country NIFTY price/direction target unclear,UNRESOLVED,Metadata only,Not verified,PPR2_LITERATURE_REGISTRY_CROSSWALK.csv — L034; metadata only,No adaptation is included in confirmatory set; this row preserves a source/method backlog item.,Not authorized until source fidelity and target/task definition are reviewed.,BLOCKED_METHOD,false,false,0,0,0,0,"Wavelet bands, PSO search space, LightGBM configuration, target, split and multiple-testing scope are not in the verified record.",
C008,P02,NONE,Mehtab & Sen,SVM classifier,AUTHOR-IMPLEMENTED,PROJECT-ADAPTATION,COMMON_DIRECTION_PROJECT_ADAPTATION,SVM classifier,SVM_CLASSIFIER,classification,COMMON_DIRECTION_3CLASS,COMMON_DIRECTION_3CLASS,1|2|3|5|10,CORE_OHLCV_TECH|EXTERNAL_MARKET|FLOWS_OPTIONS|TIMESTAMPED_SENTIMENT_FUSION,binary normalized-close movement classification / one-week normalized-close regression,,NIFTY 2015-01 to 2019-06,2015–2017 training; 2018–2019 test; one-week regression task,PAPER_SOURCE_EVIDENCE_MATRIX.md — Paper 2; PDF pp. 2–5,Convert source binary classifier to common three-class probability task or price regression on NIFTY; common horizons and train-only preprocessing are adaptations.,NIFTY daily OHLCV with valid exchange-session and publication timestamps,ELIGIBLE_AFTER_PPR4_PPR5_GATES,true,true,4,5,20,60,Three-class NIFTY target differs from the source's binary movement label; probability calibration and all preprocessing must be fit only within chronological training data.,
R008,P02,NONE,Mehtab & Sen,Bagging regressor,AUTHOR-IMPLEMENTED,PROJECT-ADAPTATION,COMMON_CLOSE_PRICE_PROJECT_ADAPTATION,Bagging regressor,BAGGING_REGRESSION,price_regression,COMMON_CLOSE_REGRESSION,COMMON_CLOSE_REGRESSION,1|2|3|5|10,CORE_OHLCV_TECH|EXTERNAL_MARKET|FLOWS_OPTIONS|TIMESTAMPED_SENTIMENT_FUSION,binary normalized-close movement classification / one-week normalized-close regression,,NIFTY 2015-01 to 2019-06,2015–2017 training; 2018–2019 test; one-week regression task,PAPER_SOURCE_EVIDENCE_MATRIX.md — Paper 2; PDF pp. 2–5,Convert source binary classifier to common three-class probability task or price regression on NIFTY; common horizons and train-only preprocessing are adaptations.,NIFTY daily OHLCV with valid exchange-session and publication timestamps,ELIGIBLE_AFTER_PPR4_PPR5_GATES,true,true,4,5,20,60,Scored only as close-price absolute error in index points; any direction derived from the predicted price is descriptive and excluded from the confirmatory Brier family.,
X008,L036,L036,NIFTY50 Market Direction Prediction GitHub project,README-described direction classifier,NOT_VERIFIED,AMBIGUOUS,OPEN_SOURCE_REPLICATION_TARGET_BLOCKED,Repository code not reviewed/executed,BLOCKED_CODE_REVIEW,not_applicable,NOT_IN_COMMON_GRID,NONE,NONE,NONE,README says next-day binary direction; code labels need source inspection,UNRESOLVED,README claims Yahoo-derived 2008–2026 daily data,README reports chronological splits; code not verified,PPR2_LITERATURE_REGISTRY_CROSSWALK.csv — L036; README only,No adaptation is included in confirmatory set; this row preserves a source/method backlog item.,Not authorized until source fidelity and target/task definition are reviewed.,BLOCKED_METHOD,false,false,0,0,0,0,"Do not execute imported code or trust README metrics without reviewing code, data provenance, labels, leakage and license; this gate only records the target.",
C009,P07,NONE,Naik & Inamdar 2024,LSTM sequence predictor,AUTHOR-IMPLEMENTED,PROJECT-ADAPTATION,COMMON_DIRECTION_PROJECT_ADAPTATION,LSTM classifier,LSTM_DIRECTION,classification,COMMON_DIRECTION_3CLASS,COMMON_DIRECTION_3CLASS,1|2|3|5|10,CORE_OHLCV_TECH|EXTERNAL_MARKET|FLOWS_OPTIONS|TIMESTAMPED_SENTIMENT_FUSION,"NIFTY price/trend with LSTM and BERT financial news sentiment plus FII/DII, India VIX and nearest-expiry PCR",,NIFTY/PCR claims 2000–2024; news source described COVID-to-paper-present; coverage mismatch,80:20 mentioned; point-in-time source fusion and test timestamps not adequately frozen,PAPER_SOURCE_EVIDENCE_MATRIX.md — Paper 7; PDF pp. 3–6,Common direction classification is an adaptation; use only timestamp/ingestion verified text and PIT-aligned context. Report author accuracy claims as unverified.,NIFTY daily OHLCV with valid exchange-session and publication timestamps,ELIGIBLE_AFTER_PPR4_PPR5_GATES,true,true,4,5,20,60,"Source model and feature fusion are paper-specific; the common classifier is an adaptation, not a reproduction of the reported accuracy.",
R009,P02,NONE,Mehtab & Sen,Boosting regressor,AUTHOR-IMPLEMENTED,PROJECT-ADAPTATION,COMMON_CLOSE_PRICE_PROJECT_ADAPTATION,Boosting regressor,BOOSTING_REGRESSION,price_regression,COMMON_CLOSE_REGRESSION,COMMON_CLOSE_REGRESSION,1|2|3|5|10,CORE_OHLCV_TECH|EXTERNAL_MARKET|FLOWS_OPTIONS|TIMESTAMPED_SENTIMENT_FUSION,binary normalized-close movement classification / one-week normalized-close regression,,NIFTY 2015-01 to 2019-06,2015–2017 training; 2018–2019 test; one-week regression task,PAPER_SOURCE_EVIDENCE_MATRIX.md — Paper 2; PDF pp. 2–5,Convert source binary classifier to common three-class probability task or price regression on NIFTY; common horizons and train-only preprocessing are adaptations.,NIFTY daily OHLCV with valid exchange-session and publication timestamps,ELIGIBLE_AFTER_PPR4_PPR5_GATES,true,true,4,5,20,60,Scored only as close-price absolute error in index points; any direction derived from the predicted price is descriptive and excluded from the confirmatory Brier family.,
C010,P07,NONE,Naik & Inamdar 2024,BERT financial-news sentiment + LSTM fusion,AUTHOR-IMPLEMENTED,PROJECT-ADAPTATION,SENTIMENT_FUSION_PROJECT_ADAPTATION,BERT sentiment encoder + LSTM classifier,BERT_LSTM_DIRECTION,classification,COMMON_DIRECTION_3CLASS,COMMON_DIRECTION_3CLASS,1|2|3|5|10,TIMESTAMPED_SENTIMENT_FUSION,"NIFTY price/trend with LSTM and BERT financial news sentiment plus FII/DII, India VIX and nearest-expiry PCR",,NIFTY/PCR claims 2000–2024; news source described COVID-to-paper-present; coverage mismatch,80:20 mentioned; point-in-time source fusion and test timestamps not adequately frozen,PAPER_SOURCE_EVIDENCE_MATRIX.md — Paper 7; PDF pp. 3–6,Common direction classification is an adaptation; use only timestamp/ingestion verified text and PIT-aligned context. Report author accuracy claims as unverified.,NIFTY daily OHLCV with valid exchange-session and publication timestamps,ELIGIBLE_AFTER_PPR4_PPR5_GATES,true,true,1,5,5,15,No sentiment row may enter an origin unless original publication and ingestion timestamps precede cutoff. Missing historical headlines/source vintage makes this BLOCKED_DATA at PPR-4; do not substitute current articles.,
R010,P02 | P05,NONE,Mehtab & Sen | Cureus Sain & Singh 2026,Random Forest regressor,AUTHOR-IMPLEMENTED,PROJECT-ADAPTATION,COMMON_CLOSE_PRICE_PROJECT_ADAPTATION,Random Forest regressor,RANDOM_FOREST_REGRESSION,price_regression,COMMON_CLOSE_REGRESSION,COMMON_CLOSE_REGRESSION,1|2|3|5|10,CORE_OHLCV_TECH|EXTERNAL_MARKET|FLOWS_OPTIONS|TIMESTAMPED_SENTIMENT_FUSION,binary normalized-close movement classification / one-week normalized-close regression | next-session open and close price regression,,NIFTY 2015-01 to 2019-06 | 5/10/20-year windows; 20-year window Jun 2006–Jun 2026 claimed,2015–2017 training; 2018–2019 test; one-week regression task | Chronological 80:20; TimeSeriesSplit for RF/XGBoost tuning,PAPER_SOURCE_EVIDENCE_MATRIX.md — Paper 2; PDF pp. 2–5 | PAPER_SOURCE_EVIDENCE_MATRIX.md — Paper 5; PDF pp. 6–18,Convert source binary classifier to common three-class probability task or price regression on NIFTY; common horizons and train-only preprocessing are adaptations. | Use common horizons for close forecasts and next-open h=1 only; preserve native windows as data coverage requirements; train-only preprocessing/tuning.,NIFTY daily OHLCV with valid exchange-session and publication timestamps,ELIGIBLE_AFTER_PPR4_PPR5_GATES,true,true,4,5,20,60,Scored only as close-price absolute error in index points; any direction derived from the predicted price is descriptive and excluded from the confirmatory Brier family.,R026
C011,P02,NONE,Mehtab & Sen,Five-layer SOFNN with ellipsoidal basis,AUTHOR-IMPLEMENTED,AMBIGUOUS,PAPER_METHOD_BLOCKED,SOFNN classifier,SOFNN_SOURCE_NATIVE,classification,COMMON_DIRECTION_3CLASS,COMMON_DIRECTION_3CLASS,1|2|3|5|10,,binary normalized-close movement classification / one-week normalized-close regression,,NIFTY 2015-01 to 2019-06,2015–2017 training; 2018–2019 test; one-week regression task,PAPER_SOURCE_EVIDENCE_MATRIX.md — Paper 2; PDF pp. 2–5,Convert source binary classifier to common three-class probability task or price regression on NIFTY; common horizons and train-only preprocessing are adaptations.,NIFTY daily OHLCV with valid exchange-session and publication timestamps,BLOCKED_METHOD,false,true,0,5,0,0,Source names a five-layer SOFNN with ellipsoidal basis but the full implementation settings/dependencies are not sufficiently frozen here; do not invent them or fit until a reviewed specification exists.,
R011,P02 | P04,NONE,"Mehtab & Sen | ANN with FII/FX, 2023",ANN regressor | Multi-Layer Perceptron regressor,AUTHOR-IMPLEMENTED,PROJECT-ADAPTATION,COMMON_CLOSE_PRICE_PROJECT_ADAPTATION,ANN regressor,MLP_REGRESSION,price_regression,COMMON_CLOSE_REGRESSION,COMMON_CLOSE_REGRESSION,1|2|3|5|10,CORE_OHLCV_TECH|EXTERNAL_MARKET|FLOWS_OPTIONS|TIMESTAMPED_SENTIMENT_FUSION,binary normalized-close movement classification / one-week normalized-close regression | daily NIFTY close regression using FII buys/sells and USD/INR,,NIFTY 2015-01 to 2019-06 | Reported 2018–2023; data-count/date details need field-level reconciliation,2015–2017 training; 2018–2019 test; one-week regression task | 65:35 and 70:30 both reported; per-model assignment ambiguous,PAPER_SOURCE_EVIDENCE_MATRIX.md — Paper 2; PDF pp. 2–5 | PAPER_SOURCE_EVIDENCE_MATRIX.md — Paper 4; PDF pp. 4–7,Convert source binary classifier to common three-class probability task or price regression on NIFTY; common horizons and train-only preprocessing are adaptations. | Implement named ANN/SVM model families on common close target; source split/date ambiguity is not silently resolved.,NIFTY daily OHLCV with valid exchange-session and publication timestamps,ELIGIBLE_AFTER_PPR4_PPR5_GATES,true,true,4,5,20,60,Scored only as close-price absolute error in index points; any direction derived from the predicted price is descriptive and excluded from the confirmatory Brier family.,R015
C012,P12,NONE,Fathali et al. 2022,Simple RNN architecture (adapted from RNN price model),AUTHOR-IMPLEMENTED,PROJECT-ADAPTATION,ARCHITECTURE_PROJECT_ADAPTATION,RNN classifier,RNN_DIRECTION,classification,COMMON_DIRECTION_3CLASS,COMMON_DIRECTION_3CLASS,1|2|3|5|10,CORE_OHLCV_TECH|EXTERNAL_MARKET|FLOWS_OPTIONS|TIMESTAMPED_SENTIMENT_FUSION,NIFTY price regression; architecture/activation/feature/epoch comparisons,,Daily NIFTY OHLCV; exact window not yet fully captured in this matrix,80:20 plus K-fold inside training; chronological fold semantics require checking,PAPER_SOURCE_EVIDENCE_MATRIX.md — Paper 12; PDF pp. 11–18,RNN source predicts price; softmax three-class output is a project adaptation.,NIFTY daily OHLCV with valid exchange-session and publication timestamps,ELIGIBLE_AFTER_PPR4_PPR5_GATES,true,true,4,5,20,60,"Must pass source, data, PIT, offline-code and exact-snapshot tester gates before fitting; adaptation is not exact paper replication.",
C013,P10,NONE,Kallimath et al. ISMLA 2025,GRU architecture,AUTHOR-IMPLEMENTED,PROJECT-ADAPTATION,ARCHITECTURE_PROJECT_ADAPTATION,GRU classifier,GRU_DIRECTION,classification,COMMON_DIRECTION_3CLASS,COMMON_DIRECTION_3CLASS,1|2|3|5|10,CORE_OHLCV_TECH|EXTERNAL_MARKET|FLOWS_OPTIONS|TIMESTAMPED_SENTIMENT_FUSION,price prediction claimed; actual target/data schema remains ambiguous,,Kaggle data contains option-like callOpen/callHigh/callLow/callClose fields,"2,350 train / 235 test; order unclear; reported 50 iterations","PAPER_SOURCE_EVIDENCE_MATRIX.md — Paper 10; PDF pp. 6, 8–12",Use standardized architecture as a PROJECT-ADAPTATION on NIFTY close; does not reproduce ambiguous source target/data schema.,NIFTY daily OHLCV with valid exchange-session and publication timestamps,ELIGIBLE_AFTER_PPR4_PPR5_GATES,true,true,4,5,20,60,The source target/data fields are ambiguous; only the generic GRU architecture is adapted to the common NIFTY direction task.,
C014,P12,NONE,Fathali et al. 2022,CNN architecture (adapted from CNN price model),AUTHOR-IMPLEMENTED,PROJECT-ADAPTATION,ARCHITECTURE_PROJECT_ADAPTATION,1-D CNN classifier,CNN_DIRECTION,classification,COMMON_DIRECTION_3CLASS,COMMON_DIRECTION_3CLASS,1|2|3|5|10,CORE_OHLCV_TECH|EXTERNAL_MARKET|FLOWS_OPTIONS|TIMESTAMPED_SENTIMENT_FUSION,NIFTY price regression; architecture/activation/feature/epoch comparisons,,Daily NIFTY OHLCV; exact window not yet fully captured in this matrix,80:20 plus K-fold inside training; chronological fold semantics require checking,PAPER_SOURCE_EVIDENCE_MATRIX.md — Paper 12; PDF pp. 11–18,Price-regression CNN adapted to three-class direction output.,NIFTY daily OHLCV with valid exchange-session and publication timestamps,ELIGIBLE_AFTER_PPR4_PPR5_GATES,true,true,4,5,20,60,"Must pass source, data, PIT, offline-code and exact-snapshot tester gates before fitting; adaptation is not exact paper replication.",
R014,P04,NONE,"ANN with FII/FX, 2023",Single-Layer Perceptron regressor,AUTHOR-IMPLEMENTED,PROJECT-ADAPTATION,COMMON_CLOSE_PRICE_PROJECT_ADAPTATION,Single-Layer Perceptron regressor,SLP_REGRESSION,price_regression,COMMON_CLOSE_REGRESSION,COMMON_CLOSE_REGRESSION,1|2|3|5|10,CORE_OHLCV_TECH|EXTERNAL_MARKET|FLOWS_OPTIONS|TIMESTAMPED_SENTIMENT_FUSION,daily NIFTY close regression using FII buys/sells and USD/INR,,Reported 2018–2023; data-count/date details need field-level reconciliation,65:35 and 70:30 both reported; per-model assignment ambiguous,PAPER_SOURCE_EVIDENCE_MATRIX.md — Paper 4; PDF pp. 4–7,Implement named ANN/SVM model families on common close target; source split/date ambiguity is not silently resolved.,NIFTY daily OHLCV with valid exchange-session and publication timestamps,ELIGIBLE_AFTER_PPR4_PPR5_GATES,true,true,4,5,20,60,Scored only as close-price absolute error in index points; any direction derived from the predicted price is descriptive and excluded from the confirmatory Brier family.,
C015,P10,NONE,Kallimath et al. ISMLA 2025,Temporal Convolutional Network,AUTHOR-IMPLEMENTED,PROJECT-ADAPTATION,ARCHITECTURE_PROJECT_ADAPTATION,TCN classifier,TCN_DIRECTION,classification,COMMON_DIRECTION_3CLASS,COMMON_DIRECTION_3CLASS,1|2|3|5|10,CORE_OHLCV_TECH|EXTERNAL_MARKET|FLOWS_OPTIONS|TIMESTAMPED_SENTIMENT_FUSION,price prediction claimed; actual target/data schema remains ambiguous,,Kaggle data contains option-like callOpen/callHigh/callLow/callClose fields,"2,350 train / 235 test; order unclear; reported 50 iterations","PAPER_SOURCE_EVIDENCE_MATRIX.md — Paper 10; PDF pp. 6, 8–12",Use standardized architecture as a PROJECT-ADAPTATION on NIFTY close; does not reproduce ambiguous source target/data schema.,NIFTY daily OHLCV with valid exchange-session and publication timestamps,ELIGIBLE_AFTER_PPR4_PPR5_GATES,true,true,4,5,20,60,"Must pass source, data, PIT, offline-code and exact-snapshot tester gates before fitting; adaptation is not exact paper replication.",
C016,P10,NONE,Kallimath et al. ISMLA 2025,LSTM+GRU hybrid,AUTHOR-IMPLEMENTED,PROJECT-ADAPTATION,ARCHITECTURE_PROJECT_ADAPTATION,LSTM+GRU hybrid,LSTM_GRU_DIRECTION,classification,COMMON_DIRECTION_3CLASS,COMMON_DIRECTION_3CLASS,1|2|3|5|10,CORE_OHLCV_TECH|EXTERNAL_MARKET|FLOWS_OPTIONS|TIMESTAMPED_SENTIMENT_FUSION,price prediction claimed; actual target/data schema remains ambiguous,,Kaggle data contains option-like callOpen/callHigh/callLow/callClose fields,"2,350 train / 235 test; order unclear; reported 50 iterations","PAPER_SOURCE_EVIDENCE_MATRIX.md — Paper 10; PDF pp. 6, 8–12",Use standardized architecture as a PROJECT-ADAPTATION on NIFTY close; does not reproduce ambiguous source target/data schema.,NIFTY daily OHLCV with valid exchange-session and publication timestamps,ELIGIBLE_AFTER_PPR4_PPR5_GATES,true,true,4,5,20,60,"Must pass source, data, PIT, offline-code and exact-snapshot tester gates before fitting; adaptation is not exact paper replication.",
R016,P04,NONE,"ANN with FII/FX, 2023",Radial Basis Function network regressor,AUTHOR-IMPLEMENTED,PROJECT-ADAPTATION,COMMON_CLOSE_PRICE_PROJECT_ADAPTATION,Radial Basis Function network regressor,RBF_NETWORK_REGRESSION,price_regression,COMMON_CLOSE_REGRESSION,COMMON_CLOSE_REGRESSION,1|2|3|5|10,CORE_OHLCV_TECH|EXTERNAL_MARKET|FLOWS_OPTIONS|TIMESTAMPED_SENTIMENT_FUSION,daily NIFTY close regression using FII buys/sells and USD/INR,,Reported 2018–2023; data-count/date details need field-level reconciliation,65:35 and 70:30 both reported; per-model assignment ambiguous,PAPER_SOURCE_EVIDENCE_MATRIX.md — Paper 4; PDF pp. 4–7,Implement named ANN/SVM model families on common close target; source split/date ambiguity is not silently resolved.,NIFTY daily OHLCV with valid exchange-session and publication timestamps,ELIGIBLE_AFTER_PPR4_PPR5_GATES,true,true,4,5,20,60,Scored only as close-price absolute error in index points; any direction derived from the predicted price is descriptive and excluded from the confirmatory Brier family.,
C017,P10,NONE,Kallimath et al. ISMLA 2025,CNN+RNN hybrid,AUTHOR-IMPLEMENTED,PROJECT-ADAPTATION,ARCHITECTURE_PROJECT_ADAPTATION,CNN+RNN hybrid,CNN_RNN_DIRECTION,classification,COMMON_DIRECTION_3CLASS,COMMON_DIRECTION_3CLASS,1|2|3|5|10,CORE_OHLCV_TECH|EXTERNAL_MARKET|FLOWS_OPTIONS|TIMESTAMPED_SENTIMENT_FUSION,price prediction claimed; actual target/data schema remains ambiguous,,Kaggle data contains option-like callOpen/callHigh/callLow/callClose fields,"2,350 train / 235 test; order unclear; reported 50 iterations","PAPER_SOURCE_EVIDENCE_MATRIX.md — Paper 10; PDF pp. 6, 8–12",Use standardized architecture as a PROJECT-ADAPTATION on NIFTY close; does not reproduce ambiguous source target/data schema.,NIFTY daily OHLCV with valid exchange-session and publication timestamps,ELIGIBLE_AFTER_PPR4_PPR5_GATES,true,true,4,5,20,60,"Must pass source, data, PIT, offline-code and exact-snapshot tester gates before fitting; adaptation is not exact paper replication.",
C018,P10,NONE,Kallimath et al. ISMLA 2025,CNN+TCN hybrid,AUTHOR-IMPLEMENTED,PROJECT-ADAPTATION,ARCHITECTURE_PROJECT_ADAPTATION,CNN+TCN hybrid,CNN_TCN_DIRECTION,classification,COMMON_DIRECTION_3CLASS,COMMON_DIRECTION_3CLASS,1|2|3|5|10,CORE_OHLCV_TECH|EXTERNAL_MARKET|FLOWS_OPTIONS|TIMESTAMPED_SENTIMENT_FUSION,price prediction claimed; actual target/data schema remains ambiguous,,Kaggle data contains option-like callOpen/callHigh/callLow/callClose fields,"2,350 train / 235 test; order unclear; reported 50 iterations","PAPER_SOURCE_EVIDENCE_MATRIX.md — Paper 10; PDF pp. 6, 8–12",Use standardized architecture as a PROJECT-ADAPTATION on NIFTY close; does not reproduce ambiguous source target/data schema.,NIFTY daily OHLCV with valid exchange-session and publication timestamps,ELIGIBLE_AFTER_PPR4_PPR5_GATES,true,true,4,5,20,60,"Must pass source, data, PIT, offline-code and exact-snapshot tester gates before fitting; adaptation is not exact paper replication.",
C019,P10,NONE,Kallimath et al. ISMLA 2025,LSTM+TCN hybrid,AUTHOR-IMPLEMENTED,PROJECT-ADAPTATION,ARCHITECTURE_PROJECT_ADAPTATION,LSTM+TCN hybrid,LSTM_TCN_DIRECTION,classification,COMMON_DIRECTION_3CLASS,COMMON_DIRECTION_3CLASS,1|2|3|5|10,CORE_OHLCV_TECH|EXTERNAL_MARKET|FLOWS_OPTIONS|TIMESTAMPED_SENTIMENT_FUSION,price prediction claimed; actual target/data schema remains ambiguous,,Kaggle data contains option-like callOpen/callHigh/callLow/callClose fields,"2,350 train / 235 test; order unclear; reported 50 iterations","PAPER_SOURCE_EVIDENCE_MATRIX.md — Paper 10; PDF pp. 6, 8–12",Use standardized architecture as a PROJECT-ADAPTATION on NIFTY close; does not reproduce ambiguous source target/data schema.,NIFTY daily OHLCV with valid exchange-session and publication timestamps,ELIGIBLE_AFTER_PPR4_PPR5_GATES,true,true,4,5,20,60,"Must pass source, data, PIT, offline-code and exact-snapshot tester gates before fitting; adaptation is not exact paper replication.",
R019,P05,NONE,Cureus Sain & Singh 2026,Lasso regression,AUTHOR-IMPLEMENTED,PROJECT-ADAPTATION,COMMON_CLOSE_PRICE_PROJECT_ADAPTATION,Lasso regression,LASSO_REGRESSION,price_regression,COMMON_CLOSE_REGRESSION,COMMON_CLOSE_REGRESSION,1|2|3|5|10,CORE_OHLCV_TECH|EXTERNAL_MARKET|FLOWS_OPTIONS|TIMESTAMPED_SENTIMENT_FUSION,next-session open and close price regression,,5/10/20-year windows; 20-year window Jun 2006–Jun 2026 claimed,Chronological 80:20; TimeSeriesSplit for RF/XGBoost tuning,PAPER_SOURCE_EVIDENCE_MATRIX.md — Paper 5; PDF pp. 6–18,Use common horizons for close forecasts and next-open h=1 only; preserve native windows as data coverage requirements; train-only preprocessing/tuning.,NIFTY daily OHLCV with valid exchange-session and publication timestamps,ELIGIBLE_AFTER_PPR4_PPR5_GATES,true,true,4,5,20,60,Scored only as close-price absolute error in index points; any direction derived from the predicted price is descriptive and excluded from the confirmatory Brier family.,
C020,P11,NONE,Mahajan et al. JIER 2025,SMA Golden/Death Cross 50/200,AUTHOR-IMPLEMENTED,PROJECT-ADAPTATION,RULE_PROJECT_ADAPTATION,SMA 50/200 crossover rule,SMA_50_200_DIRECTION,classification,COMMON_DIRECTION_3CLASS,COMMON_DIRECTION_3CLASS,1|2|3|5|10,CORE_OHLCV_TECH,EMA Golden/Death Cross and moving-average regressions/correlations,,Various 2010–2023/2024/2025 references; inconsistent,No clear independent chronological holdout located,PAPER_SOURCE_EVIDENCE_MATRIX.md — Paper 11; PDF pp. 5–13,Fixed SMA/EMA 50/200 crossover as a declared directional-rule adaptation; crossover signal calibrated using past-only conditional class frequencies. Direction probabilities are past-only Laplace-smoothed empirical class frequencies conditional on crossover state; no future labels used.,NIFTY daily OHLCV with valid exchange-session and publication timestamps,ELIGIBLE_AFTER_PPR4_PPR5_GATES,true,true,1,5,5,15,"Must pass source, data, PIT, offline-code and exact-snapshot tester gates before fitting; adaptation is not exact paper replication.",
R020,P05,NONE,Cureus Sain & Singh 2026,Ridge regression,AUTHOR-IMPLEMENTED,PROJECT-ADAPTATION,COMMON_CLOSE_PRICE_PROJECT_ADAPTATION,Ridge regression,RIDGE_REGRESSION,price_regression,COMMON_CLOSE_REGRESSION,COMMON_CLOSE_REGRESSION,1|2|3|5|10,CORE_OHLCV_TECH|EXTERNAL_MARKET|FLOWS_OPTIONS|TIMESTAMPED_SENTIMENT_FUSION,next-session open and close price regression,,5/10/20-year windows; 20-year window Jun 2006–Jun 2026 claimed,Chronological 80:20; TimeSeriesSplit for RF/XGBoost tuning,PAPER_SOURCE_EVIDENCE_MATRIX.md — Paper 5; PDF pp. 6–18,Use common horizons for close forecasts and next-open h=1 only; preserve native windows as data coverage requirements; train-only preprocessing/tuning.,NIFTY daily OHLCV with valid exchange-session and publication timestamps,ELIGIBLE_AFTER_PPR4_PPR5_GATES,true,true,4,5,20,60,Scored only as close-price absolute error in index points; any direction derived from the predicted price is descriptive and excluded from the confirmatory Brier family.,
C021,P11,NONE,Mahajan et al. JIER 2025,EMA Golden/Death Cross 50/200,AUTHOR-IMPLEMENTED,PROJECT-ADAPTATION,RULE_PROJECT_ADAPTATION,EMA 50/200 crossover rule,EMA_50_200_DIRECTION,classification,COMMON_DIRECTION_3CLASS,COMMON_DIRECTION_3CLASS,1|2|3|5|10,CORE_OHLCV_TECH,EMA Golden/Death Cross and moving-average regressions/correlations,,Various 2010–2023/2024/2025 references; inconsistent,No clear independent chronological holdout located,PAPER_SOURCE_EVIDENCE_MATRIX.md — Paper 11; PDF pp. 5–13,Fixed SMA/EMA 50/200 crossover as a declared directional-rule adaptation; crossover signal calibrated using past-only conditional class frequencies. Project fixes EMA 50/200 despite source inconsistency; mark this explicitly as adaptation. Direction probabilities are past-only conditional class frequencies.,NIFTY daily OHLCV with valid exchange-session and publication timestamps,ELIGIBLE_AFTER_PPR4_PPR5_GATES,true,true,1,5,5,15,"Must pass source, data, PIT, offline-code and exact-snapshot tester gates before fitting; adaptation is not exact paper replication.",
R021,P05,NONE,Cureus Sain & Singh 2026,Elastic Net regression,AUTHOR-IMPLEMENTED,PROJECT-ADAPTATION,COMMON_CLOSE_PRICE_PROJECT_ADAPTATION,Elastic Net regression,ELASTIC_NET_REGRESSION,price_regression,COMMON_CLOSE_REGRESSION,COMMON_CLOSE_REGRESSION,1|2|3|5|10,CORE_OHLCV_TECH|EXTERNAL_MARKET|FLOWS_OPTIONS|TIMESTAMPED_SENTIMENT_FUSION,next-session open and close price regression,,5/10/20-year windows; 20-year window Jun 2006–Jun 2026 claimed,Chronological 80:20; TimeSeriesSplit for RF/XGBoost tuning,PAPER_SOURCE_EVIDENCE_MATRIX.md — Paper 5; PDF pp. 6–18,Use common horizons for close forecasts and next-open h=1 only; preserve native windows as data coverage requirements; train-only preprocessing/tuning.,NIFTY daily OHLCV with valid exchange-session and publication timestamps,ELIGIBLE_AFTER_PPR4_PPR5_GATES,true,true,4,5,20,60,Scored only as close-price absolute error in index points; any direction derived from the predicted price is descriptive and excluded from the confirmatory Brier family.,
C022,P03,NONE,Sherasiya 2025,XGBoost classifier for paper-native option Buy/Sell signal,AUTHOR-IMPLEMENTED,PROJECT-ADAPTATION,MODEL_FAMILY_PROJECT_ADAPTATION,XGBoost classifier,XGBOOST_DIRECTION,classification,COMMON_DIRECTION_3CLASS,COMMON_DIRECTION_3CLASS,1|2|3|5|10,CORE_OHLCV_TECH|EXTERNAL_MARKET|FLOWS_OPTIONS|TIMESTAMPED_SENTIMENT_FUSION,option Buy/Sell signal; Buy rule uses next-day increase threshold,,NIFTY/Bank Nifty high-resolution options data; full archive not yet audited,80:20 described; time order/fold semantics need source review,"PAPER_SOURCE_EVIDENCE_MATRIX.md — Paper 3; PDF pp. 2, 5–6",XGBoost option-signal classifier is adapted to NIFTY spot direction; never call it exact paper replication; option target is not reused.,NIFTY daily OHLCV with valid exchange-session and publication timestamps,ELIGIBLE_AFTER_PPR4_PPR5_GATES,true,true,4,5,20,60,Original source target is an option signal. This row tests a generic XGBoost classifier on NIFTY spot direction and cannot be reported as reproducing the options strategy paper.,
R022,P05,NONE,Cureus Sain & Singh 2026,SGD Regressor,AUTHOR-IMPLEMENTED,PROJECT-ADAPTATION,COMMON_CLOSE_PRICE_PROJECT_ADAPTATION,SGD Regressor,SGD_REGRESSION,price_regression,COMMON_CLOSE_REGRESSION,COMMON_CLOSE_REGRESSION,1|2|3|5|10,CORE_OHLCV_TECH|EXTERNAL_MARKET|FLOWS_OPTIONS|TIMESTAMPED_SENTIMENT_FUSION,next-session open and close price regression,,5/10/20-year windows; 20-year window Jun 2006–Jun 2026 claimed,Chronological 80:20; TimeSeriesSplit for RF/XGBoost tuning,PAPER_SOURCE_EVIDENCE_MATRIX.md — Paper 5; PDF pp. 6–18,Use common horizons for close forecasts and next-open h=1 only; preserve native windows as data coverage requirements; train-only preprocessing/tuning.,NIFTY daily OHLCV with valid exchange-session and publication timestamps,ELIGIBLE_AFTER_PPR4_PPR5_GATES,true,true,4,5,20,60,Scored only as close-price absolute error in index points; any direction derived from the predicted price is descriptive and excluded from the confirmatory Brier family.,
C023,P15,NONE,Shaha SSRN CCI-based NIFTY option strategy (directional proxy adaptation),CCI(20) state-conditioned empirical-probability direction rule,PROJECT-ADAPTATION,PROJECT-ADAPTATION,CCI_SPOT_DIRECTION_ADAPTATION,CCI(20) state-conditioned empirical-probability rule,CCI_20_DIRECTION,classification,COMMON_DIRECTION_3CLASS,COMMON_DIRECTION_3CLASS,1|2|3|5|10,CORE_OHLCV_TECH,CCI-based long-call/put options strategy; source does not specify a fitted spot-direction classifier,Strategy trade episodes; no native close-to-close directional forecast horizon,2008-10-01 to 2018-09-30,Strategy backtest; no standard classifier train/test split,PAPER_SOURCE_EVIDENCE_MATRIX.md — Paper 15; PDF pp. 6–11,"Explicit spot-direction adaptation only: compute CCI(20) from completed NIFTY OHLC bars; predict the common 3-class close-to-close target using training-only Laplace-smoothed conditional class rates by CCI state. Not an exact reproduction. No CE/PE selection, option entry/exit, option P&L, or cost assumptions from the paper are included in this phase.",Validated NIFTY OHLCV with causal 20-session CCI calculation,ELIGIBLE_AFTER_PPR4_PPR5_GATES,true,true,1,5,5,15,Must pass PPR-4 source/PIT/holdout-boundary gate and PPR-5 offline target/leakage tests. Source paper is a strategy study; this candidate is a separately declared adaptation and makes no option-profit claim.,
R027,P05,NONE,Cureus Sain & Singh 2026,Gradient Boosting regressor,AUTHOR-IMPLEMENTED,PROJECT-ADAPTATION,COMMON_CLOSE_PRICE_PROJECT_ADAPTATION,Gradient Boosting regressor,GRADIENT_BOOSTING_REGRESSION,price_regression,COMMON_CLOSE_REGRESSION,COMMON_CLOSE_REGRESSION,1|2|3|5|10,CORE_OHLCV_TECH|EXTERNAL_MARKET|FLOWS_OPTIONS|TIMESTAMPED_SENTIMENT_FUSION,next-session open and close price regression,,5/10/20-year windows; 20-year window Jun 2006–Jun 2026 claimed,Chronological 80:20; TimeSeriesSplit for RF/XGBoost tuning,PAPER_SOURCE_EVIDENCE_MATRIX.md — Paper 5; PDF pp. 6–18,Use common horizons for close forecasts and next-open h=1 only; preserve native windows as data coverage requirements; train-only preprocessing/tuning.,NIFTY daily OHLCV with valid exchange-session and publication timestamps,ELIGIBLE_AFTER_PPR4_PPR5_GATES,true,true,4,5,20,60,Scored only as close-price absolute error in index points; any direction derived from the predicted price is descriptive and excluded from the confirmatory Brier family.,
R028,P05,NONE,Cureus Sain & Singh 2026,AdaBoost regressor,AUTHOR-IMPLEMENTED,PROJECT-ADAPTATION,COMMON_CLOSE_PRICE_PROJECT_ADAPTATION,AdaBoost regressor,ADABOOST_REGRESSION,price_regression,COMMON_CLOSE_REGRESSION,COMMON_CLOSE_REGRESSION,1|2|3|5|10,CORE_OHLCV_TECH|EXTERNAL_MARKET|FLOWS_OPTIONS|TIMESTAMPED_SENTIMENT_FUSION,next-session open and close price regression,,5/10/20-year windows; 20-year window Jun 2006–Jun 2026 claimed,Chronological 80:20; TimeSeriesSplit for RF/XGBoost tuning,PAPER_SOURCE_EVIDENCE_MATRIX.md — Paper 5; PDF pp. 6–18,Use common horizons for close forecasts and next-open h=1 only; preserve native windows as data coverage requirements; train-only preprocessing/tuning.,NIFTY daily OHLCV with valid exchange-session and publication timestamps,ELIGIBLE_AFTER_PPR4_PPR5_GATES,true,true,4,5,20,60,Scored only as close-price absolute error in index points; any direction derived from the predicted price is descriptive and excluded from the confirmatory Brier family.,
R029,P05,NONE,Cureus Sain & Singh 2026,XGBoost regressor,AUTHOR-IMPLEMENTED,PROJECT-ADAPTATION,COMMON_CLOSE_PRICE_PROJECT_ADAPTATION,XGBoost regressor,XGBOOST_REGRESSION,price_regression,COMMON_CLOSE_REGRESSION,COMMON_CLOSE_REGRESSION,1|2|3|5|10,CORE_OHLCV_TECH|EXTERNAL_MARKET|FLOWS_OPTIONS|TIMESTAMPED_SENTIMENT_FUSION,next-session open and close price regression,,5/10/20-year windows; 20-year window Jun 2006–Jun 2026 claimed,Chronological 80:20; TimeSeriesSplit for RF/XGBoost tuning,PAPER_SOURCE_EVIDENCE_MATRIX.md — Paper 5; PDF pp. 6–18,Use common horizons for close forecasts and next-open h=1 only; preserve native windows as data coverage requirements; train-only preprocessing/tuning.,NIFTY daily OHLCV with valid exchange-session and publication timestamps,ELIGIBLE_AFTER_PPR4_PPR5_GATES,true,true,4,5,20,60,Scored only as close-price absolute error in index points; any direction derived from the predicted price is descriptive and excluded from the confirmatory Brier family.,
R030,P05,NONE,Cureus Sain & Singh 2026,Linear Regression — next-session open,AUTHOR-IMPLEMENTED,PROJECT-ADAPTATION,NEXT_OPEN_PRICE_PROJECT_ADAPTATION,Linear Regression,LINEAR_REGRESSION_NEXT_OPEN,price_regression,NEXT_OPEN_REGRESSION,NEXT_OPEN_REGRESSION,1,CORE_OHLCV_TECH|EXTERNAL_MARKET|FLOWS_OPTIONS|TIMESTAMPED_SENTIMENT_FUSION,next-session open price regression,,5/10/20-year windows; 20-year window Jun 2006–Jun 2026 claimed,Chronological 80:20; TimeSeriesSplit for RF/XGBoost tuning,PAPER_SOURCE_EVIDENCE_MATRIX.md — Paper 5; PDF pp. 6–18,Separate next-open target row per estimator because target schema differs from close regression. Persistence baseline is next_open_hat[t+1]=close[t].,NIFTY daily OHLCV with valid exchange-session and publication timestamps,ELIGIBLE_AFTER_PPR4_PPR5_GATES,true,true,4,1,4,12,Only h=1 is valid for the open target. Scored as price MAE; not automatically converted into a close-direction label.,
R031,P05,NONE,Cureus Sain & Singh 2026,Lasso regression — next-session open,AUTHOR-IMPLEMENTED,PROJECT-ADAPTATION,NEXT_OPEN_PRICE_PROJECT_ADAPTATION,Lasso regression,LASSO_REGRESSION_NEXT_OPEN,price_regression,NEXT_OPEN_REGRESSION,NEXT_OPEN_REGRESSION,1,CORE_OHLCV_TECH|EXTERNAL_MARKET|FLOWS_OPTIONS|TIMESTAMPED_SENTIMENT_FUSION,next-session open price regression,,5/10/20-year windows; 20-year window Jun 2006–Jun 2026 claimed,Chronological 80:20; TimeSeriesSplit for RF/XGBoost tuning,PAPER_SOURCE_EVIDENCE_MATRIX.md — Paper 5; PDF pp. 6–18,Separate next-open target row per estimator because target schema differs from close regression. Persistence baseline is next_open_hat[t+1]=close[t].,NIFTY daily OHLCV with valid exchange-session and publication timestamps,ELIGIBLE_AFTER_PPR4_PPR5_GATES,true,true,4,1,4,12,Only h=1 is valid for the open target. Scored as price MAE; not automatically converted into a close-direction label.,
R032,P05,NONE,Cureus Sain & Singh 2026,Ridge regression — next-session open,AUTHOR-IMPLEMENTED,PROJECT-ADAPTATION,NEXT_OPEN_PRICE_PROJECT_ADAPTATION,Ridge regression,RIDGE_REGRESSION_NEXT_OPEN,price_regression,NEXT_OPEN_REGRESSION,NEXT_OPEN_REGRESSION,1,CORE_OHLCV_TECH|EXTERNAL_MARKET|FLOWS_OPTIONS|TIMESTAMPED_SENTIMENT_FUSION,next-session open price regression,,5/10/20-year windows; 20-year window Jun 2006–Jun 2026 claimed,Chronological 80:20; TimeSeriesSplit for RF/XGBoost tuning,PAPER_SOURCE_EVIDENCE_MATRIX.md — Paper 5; PDF pp. 6–18,Separate next-open target row per estimator because target schema differs from close regression. Persistence baseline is next_open_hat[t+1]=close[t].,NIFTY daily OHLCV with valid exchange-session and publication timestamps,ELIGIBLE_AFTER_PPR4_PPR5_GATES,true,true,4,1,4,12,Only h=1 is valid for the open target. Scored as price MAE; not automatically converted into a close-direction label.,
R033,P05,NONE,Cureus Sain & Singh 2026,Elastic Net regression — next-session open,AUTHOR-IMPLEMENTED,PROJECT-ADAPTATION,NEXT_OPEN_PRICE_PROJECT_ADAPTATION,Elastic Net regression,ELASTIC_NET_REGRESSION_NEXT_OPEN,price_regression,NEXT_OPEN_REGRESSION,NEXT_OPEN_REGRESSION,1,CORE_OHLCV_TECH|EXTERNAL_MARKET|FLOWS_OPTIONS|TIMESTAMPED_SENTIMENT_FUSION,next-session open price regression,,5/10/20-year windows; 20-year window Jun 2006–Jun 2026 claimed,Chronological 80:20; TimeSeriesSplit for RF/XGBoost tuning,PAPER_SOURCE_EVIDENCE_MATRIX.md — Paper 5; PDF pp. 6–18,Separate next-open target row per estimator because target schema differs from close regression. Persistence baseline is next_open_hat[t+1]=close[t].,NIFTY daily OHLCV with valid exchange-session and publication timestamps,ELIGIBLE_AFTER_PPR4_PPR5_GATES,true,true,4,1,4,12,Only h=1 is valid for the open target. Scored as price MAE; not automatically converted into a close-direction label.,
R034,P05,NONE,Cureus Sain & Singh 2026,SGD Regressor — next-session open,AUTHOR-IMPLEMENTED,PROJECT-ADAPTATION,NEXT_OPEN_PRICE_PROJECT_ADAPTATION,SGD Regressor,SGD_REGRESSION_NEXT_OPEN,price_regression,NEXT_OPEN_REGRESSION,NEXT_OPEN_REGRESSION,1,CORE_OHLCV_TECH|EXTERNAL_MARKET|FLOWS_OPTIONS|TIMESTAMPED_SENTIMENT_FUSION,next-session open price regression,,5/10/20-year windows; 20-year window Jun 2006–Jun 2026 claimed,Chronological 80:20; TimeSeriesSplit for RF/XGBoost tuning,PAPER_SOURCE_EVIDENCE_MATRIX.md — Paper 5; PDF pp. 6–18,Separate next-open target row per estimator because target schema differs from close regression. Persistence baseline is next_open_hat[t+1]=close[t].,NIFTY daily OHLCV with valid exchange-session and publication timestamps,ELIGIBLE_AFTER_PPR4_PPR5_GATES,true,true,4,1,4,12,Only h=1 is valid for the open target. Scored as price MAE; not automatically converted into a close-direction label.,
R035,P05,NONE,Cureus Sain & Singh 2026,SVR — next-session open,AUTHOR-IMPLEMENTED,PROJECT-ADAPTATION,NEXT_OPEN_PRICE_PROJECT_ADAPTATION,SVR,SVR_REGRESSION_NEXT_OPEN,price_regression,NEXT_OPEN_REGRESSION,NEXT_OPEN_REGRESSION,1,CORE_OHLCV_TECH|EXTERNAL_MARKET|FLOWS_OPTIONS|TIMESTAMPED_SENTIMENT_FUSION,next-session open price regression,,5/10/20-year windows; 20-year window Jun 2006–Jun 2026 claimed,Chronological 80:20; TimeSeriesSplit for RF/XGBoost tuning,PAPER_SOURCE_EVIDENCE_MATRIX.md — Paper 5; PDF pp. 6–18,Separate next-open target row per estimator because target schema differs from close regression. Persistence baseline is next_open_hat[t+1]=close[t].,NIFTY daily OHLCV with valid exchange-session and publication timestamps,ELIGIBLE_AFTER_PPR4_PPR5_GATES,true,true,4,1,4,12,Only h=1 is valid for the open target. Scored as price MAE; not automatically converted into a close-direction label.,
R036,P05,NONE,Cureus Sain & Singh 2026,KNN regressor — next-session open,AUTHOR-IMPLEMENTED,PROJECT-ADAPTATION,NEXT_OPEN_PRICE_PROJECT_ADAPTATION,KNN regressor,KNN_REGRESSION_NEXT_OPEN,price_regression,NEXT_OPEN_REGRESSION,NEXT_OPEN_REGRESSION,1,CORE_OHLCV_TECH|EXTERNAL_MARKET|FLOWS_OPTIONS|TIMESTAMPED_SENTIMENT_FUSION,next-session open price regression,,5/10/20-year windows; 20-year window Jun 2006–Jun 2026 claimed,Chronological 80:20; TimeSeriesSplit for RF/XGBoost tuning,PAPER_SOURCE_EVIDENCE_MATRIX.md — Paper 5; PDF pp. 6–18,Separate next-open target row per estimator because target schema differs from close regression. Persistence baseline is next_open_hat[t+1]=close[t].,NIFTY daily OHLCV with valid exchange-session and publication timestamps,ELIGIBLE_AFTER_PPR4_PPR5_GATES,true,true,4,1,4,12,Only h=1 is valid for the open target. Scored as price MAE; not automatically converted into a close-direction label.,
R037,P05,NONE,Cureus Sain & Singh 2026,Decision Tree regressor — next-session open,AUTHOR-IMPLEMENTED,PROJECT-ADAPTATION,NEXT_OPEN_PRICE_PROJECT_ADAPTATION,Decision Tree regressor,TREE_REGRESSION_NEXT_OPEN,price_regression,NEXT_OPEN_REGRESSION,NEXT_OPEN_REGRESSION,1,CORE_OHLCV_TECH|EXTERNAL_MARKET|FLOWS_OPTIONS|TIMESTAMPED_SENTIMENT_FUSION,next-session open price regression,,5/10/20-year windows; 20-year window Jun 2006–Jun 2026 claimed,Chronological 80:20; TimeSeriesSplit for RF/XGBoost tuning,PAPER_SOURCE_EVIDENCE_MATRIX.md — Paper 5; PDF pp. 6–18,Separate next-open target row per estimator because target schema differs from close regression. Persistence baseline is next_open_hat[t+1]=close[t].,NIFTY daily OHLCV with valid exchange-session and publication timestamps,ELIGIBLE_AFTER_PPR4_PPR5_GATES,true,true,4,1,4,12,Only h=1 is valid for the open target. Scored as price MAE; not automatically converted into a close-direction label.,
R038,P05,NONE,Cureus Sain & Singh 2026,Random Forest regressor — next-session open,AUTHOR-IMPLEMENTED,PROJECT-ADAPTATION,NEXT_OPEN_PRICE_PROJECT_ADAPTATION,Random Forest regressor,RANDOM_FOREST_REGRESSION_NEXT_OPEN,price_regression,NEXT_OPEN_REGRESSION,NEXT_OPEN_REGRESSION,1,CORE_OHLCV_TECH|EXTERNAL_MARKET|FLOWS_OPTIONS|TIMESTAMPED_SENTIMENT_FUSION,next-session open price regression,,5/10/20-year windows; 20-year window Jun 2006–Jun 2026 claimed,Chronological 80:20; TimeSeriesSplit for RF/XGBoost tuning,PAPER_SOURCE_EVIDENCE_MATRIX.md — Paper 5; PDF pp. 6–18,Separate next-open target row per estimator because target schema differs from close regression. Persistence baseline is next_open_hat[t+1]=close[t].,NIFTY daily OHLCV with valid exchange-session and publication timestamps,ELIGIBLE_AFTER_PPR4_PPR5_GATES,true,true,4,1,4,12,Only h=1 is valid for the open target. Scored as price MAE; not automatically converted into a close-direction label.,
R039,P05,NONE,Cureus Sain & Singh 2026,Gradient Boosting regressor — next-session open,AUTHOR-IMPLEMENTED,PROJECT-ADAPTATION,NEXT_OPEN_PRICE_PROJECT_ADAPTATION,Gradient Boosting regressor,GRADIENT_BOOSTING_REGRESSION_NEXT_OPEN,price_regression,NEXT_OPEN_REGRESSION,NEXT_OPEN_REGRESSION,1,CORE_OHLCV_TECH|EXTERNAL_MARKET|FLOWS_OPTIONS|TIMESTAMPED_SENTIMENT_FUSION,next-session open price regression,,5/10/20-year windows; 20-year window Jun 2006–Jun 2026 claimed,Chronological 80:20; TimeSeriesSplit for RF/XGBoost tuning,PAPER_SOURCE_EVIDENCE_MATRIX.md — Paper 5; PDF pp. 6–18,Separate next-open target row per estimator because target schema differs from close regression. Persistence baseline is next_open_hat[t+1]=close[t].,NIFTY daily OHLCV with valid exchange-session and publication timestamps,ELIGIBLE_AFTER_PPR4_PPR5_GATES,true,true,4,1,4,12,Only h=1 is valid for the open target. Scored as price MAE; not automatically converted into a close-direction label.,
R040,P05,NONE,Cureus Sain & Singh 2026,AdaBoost regressor — next-session open,AUTHOR-IMPLEMENTED,PROJECT-ADAPTATION,NEXT_OPEN_PRICE_PROJECT_ADAPTATION,AdaBoost regressor,ADABOOST_REGRESSION_NEXT_OPEN,price_regression,NEXT_OPEN_REGRESSION,NEXT_OPEN_REGRESSION,1,CORE_OHLCV_TECH|EXTERNAL_MARKET|FLOWS_OPTIONS|TIMESTAMPED_SENTIMENT_FUSION,next-session open price regression,,5/10/20-year windows; 20-year window Jun 2006–Jun 2026 claimed,Chronological 80:20; TimeSeriesSplit for RF/XGBoost tuning,PAPER_SOURCE_EVIDENCE_MATRIX.md — Paper 5; PDF pp. 6–18,Separate next-open target row per estimator because target schema differs from close regression. Persistence baseline is next_open_hat[t+1]=close[t].,NIFTY daily OHLCV with valid exchange-session and publication timestamps,ELIGIBLE_AFTER_PPR4_PPR5_GATES,true,true,4,1,4,12,Only h=1 is valid for the open target. Scored as price MAE; not automatically converted into a close-direction label.,
R041,P05,NONE,Cureus Sain & Singh 2026,XGBoost regressor — next-session open,AUTHOR-IMPLEMENTED,PROJECT-ADAPTATION,NEXT_OPEN_PRICE_PROJECT_ADAPTATION,XGBoost regressor,XGBOOST_REGRESSION_NEXT_OPEN,price_regression,NEXT_OPEN_REGRESSION,NEXT_OPEN_REGRESSION,1,CORE_OHLCV_TECH|EXTERNAL_MARKET|FLOWS_OPTIONS|TIMESTAMPED_SENTIMENT_FUSION,next-session open price regression,,5/10/20-year windows; 20-year window Jun 2006–Jun 2026 claimed,Chronological 80:20; TimeSeriesSplit for RF/XGBoost tuning,PAPER_SOURCE_EVIDENCE_MATRIX.md — Paper 5; PDF pp. 6–18,Separate next-open target row per estimator because target schema differs from close regression. Persistence baseline is next_open_hat[t+1]=close[t].,NIFTY daily OHLCV with valid exchange-session and publication timestamps,ELIGIBLE_AFTER_PPR4_PPR5_GATES,true,true,4,1,4,12,Only h=1 is valid for the open target. Scored as price MAE; not automatically converted into a close-direction label.,
R044,P10,NONE,Kallimath et al. ISMLA 2025,GRU,AUTHOR-IMPLEMENTED,PROJECT-ADAPTATION,ARCHITECTURE_PRICE_PROJECT_ADAPTATION,GRU,GRU_REGRESSION,price_regression,COMMON_CLOSE_REGRESSION,COMMON_CLOSE_REGRESSION,1|2|3|5|10,CORE_OHLCV_TECH|EXTERNAL_MARKET|FLOWS_OPTIONS|TIMESTAMPED_SENTIMENT_FUSION,price prediction claimed; actual target/data schema remains ambiguous,,Kaggle data contains option-like callOpen/callHigh/callLow/callClose fields,"2,350 train / 235 test; order unclear; reported 50 iterations","PAPER_SOURCE_EVIDENCE_MATRIX.md — Paper 10; PDF pp. 6, 8–12",Use standardized architecture as a PROJECT-ADAPTATION on NIFTY close; does not reproduce ambiguous source target/data schema. Standardized architecture is project-defined; source target/schema ambiguity remains and author-reported metrics are not used.,NIFTY daily OHLCV with valid exchange-session and publication timestamps,ELIGIBLE_AFTER_PPR4_PPR5_GATES,true,true,4,5,20,60,"Must pass source, data, PIT, offline-code and exact-snapshot tester gates before fitting; adaptation is not exact paper replication.",
R045,P10 | P12,NONE,Kallimath et al. ISMLA 2025 | Fathali et al. 2022,CNN | CNN activation=RELU,AUTHOR-IMPLEMENTED,PROJECT-ADAPTATION,ARCHITECTURE_PRICE_PROJECT_ADAPTATION | ARCHITECTURE_ACTIVATION_PROJECT_ADAPTATION,CNN,CNN_REG_RELU,price_regression,COMMON_CLOSE_REGRESSION,COMMON_CLOSE_REGRESSION,1|2|3|5|10,CORE_OHLCV_TECH|EXTERNAL_MARKET|FLOWS_OPTIONS|TIMESTAMPED_SENTIMENT_FUSION,price prediction claimed; actual target/data schema remains ambiguous | NIFTY price regression; architecture/activation/feature/epoch comparisons,,Kaggle data contains option-like callOpen/callHigh/callLow/callClose fields | Daily NIFTY OHLCV; exact window not yet fully captured in this matrix,"2,350 train / 235 test; order unclear; reported 50 iterations | 80:20 plus K-fold inside training; chronological fold semantics require checking","PAPER_SOURCE_EVIDENCE_MATRIX.md — Paper 10; PDF pp. 6, 8–12 | PAPER_SOURCE_EVIDENCE_MATRIX.md — Paper 12; PDF pp. 11–18","Use standardized architecture as a PROJECT-ADAPTATION on NIFTY close; does not reproduce ambiguous source target/data schema. Standardized architecture is project-defined; source target/schema ambiguity remains and author-reported metrics are not used. Uses the shared two-convolution ReLU CNN regression settings; merged with matching activation configuration. | Fixed architecture adaptations; scaler, feature selection and activation choice occur within training only; softmax adaptation uses softmax in hidden layer and linear regression output (not source-exact).",NIFTY daily OHLCV with valid exchange-session and publication timestamps,ELIGIBLE_AFTER_PPR4_PPR5_GATES,true,true,4,5,20,60,"Must pass source, data, PIT, offline-code and exact-snapshot tester gates before fitting; adaptation is not exact paper replication. | Activation comparisons and feature selection are confined to training folds; exact source architecture remains a fidelity limitation.",R059
R046,P10,NONE,Kallimath et al. ISMLA 2025,RNN,AUTHOR-IMPLEMENTED,PROJECT-ADAPTATION,ARCHITECTURE_PRICE_PROJECT_ADAPTATION,RNN,RNN_REGRESSION,price_regression,COMMON_CLOSE_REGRESSION,COMMON_CLOSE_REGRESSION,1|2|3|5|10,CORE_OHLCV_TECH|EXTERNAL_MARKET|FLOWS_OPTIONS|TIMESTAMPED_SENTIMENT_FUSION,price prediction claimed; actual target/data schema remains ambiguous,,Kaggle data contains option-like callOpen/callHigh/callLow/callClose fields,"2,350 train / 235 test; order unclear; reported 50 iterations","PAPER_SOURCE_EVIDENCE_MATRIX.md — Paper 10; PDF pp. 6, 8–12",Use standardized architecture as a PROJECT-ADAPTATION on NIFTY close; does not reproduce ambiguous source target/data schema. Standardized architecture is project-defined; source target/schema ambiguity remains and author-reported metrics are not used.,NIFTY daily OHLCV with valid exchange-session and publication timestamps,ELIGIBLE_AFTER_PPR4_PPR5_GATES,true,true,4,5,20,60,"Must pass source, data, PIT, offline-code and exact-snapshot tester gates before fitting; adaptation is not exact paper replication.",
R047,P10,NONE,Kallimath et al. ISMLA 2025,TCN,AUTHOR-IMPLEMENTED,PROJECT-ADAPTATION,ARCHITECTURE_PRICE_PROJECT_ADAPTATION,TCN,TCN_REGRESSION,price_regression,COMMON_CLOSE_REGRESSION,COMMON_CLOSE_REGRESSION,1|2|3|5|10,CORE_OHLCV_TECH|EXTERNAL_MARKET|FLOWS_OPTIONS|TIMESTAMPED_SENTIMENT_FUSION,price prediction claimed; actual target/data schema remains ambiguous,,Kaggle data contains option-like callOpen/callHigh/callLow/callClose fields,"2,350 train / 235 test; order unclear; reported 50 iterations","PAPER_SOURCE_EVIDENCE_MATRIX.md — Paper 10; PDF pp. 6, 8–12",Use standardized architecture as a PROJECT-ADAPTATION on NIFTY close; does not reproduce ambiguous source target/data schema. Standardized architecture is project-defined; source target/schema ambiguity remains and author-reported metrics are not used.,NIFTY daily OHLCV with valid exchange-session and publication timestamps,ELIGIBLE_AFTER_PPR4_PPR5_GATES,true,true,4,5,20,60,"Must pass source, data, PIT, offline-code and exact-snapshot tester gates before fitting; adaptation is not exact paper replication.",
R048,P10,NONE,Kallimath et al. ISMLA 2025,LSTM+GRU hybrid,AUTHOR-IMPLEMENTED,PROJECT-ADAPTATION,ARCHITECTURE_PRICE_PROJECT_ADAPTATION,LSTM+GRU hybrid,LSTM_GRU_REGRESSION,price_regression,COMMON_CLOSE_REGRESSION,COMMON_CLOSE_REGRESSION,1|2|3|5|10,CORE_OHLCV_TECH|EXTERNAL_MARKET|FLOWS_OPTIONS|TIMESTAMPED_SENTIMENT_FUSION,price prediction claimed; actual target/data schema remains ambiguous,,Kaggle data contains option-like callOpen/callHigh/callLow/callClose fields,"2,350 train / 235 test; order unclear; reported 50 iterations","PAPER_SOURCE_EVIDENCE_MATRIX.md — Paper 10; PDF pp. 6, 8–12",Use standardized architecture as a PROJECT-ADAPTATION on NIFTY close; does not reproduce ambiguous source target/data schema. Standardized architecture is project-defined; source target/schema ambiguity remains and author-reported metrics are not used.,NIFTY daily OHLCV with valid exchange-session and publication timestamps,ELIGIBLE_AFTER_PPR4_PPR5_GATES,true,true,4,5,20,60,"Must pass source, data, PIT, offline-code and exact-snapshot tester gates before fitting; adaptation is not exact paper replication.",
R049,P10,NONE,Kallimath et al. ISMLA 2025,CNN+RNN hybrid,AUTHOR-IMPLEMENTED,PROJECT-ADAPTATION,ARCHITECTURE_PRICE_PROJECT_ADAPTATION,CNN+RNN hybrid,CNN_RNN_REGRESSION,price_regression,COMMON_CLOSE_REGRESSION,COMMON_CLOSE_REGRESSION,1|2|3|5|10,CORE_OHLCV_TECH|EXTERNAL_MARKET|FLOWS_OPTIONS|TIMESTAMPED_SENTIMENT_FUSION,price prediction claimed; actual target/data schema remains ambiguous,,Kaggle data contains option-like callOpen/callHigh/callLow/callClose fields,"2,350 train / 235 test; order unclear; reported 50 iterations","PAPER_SOURCE_EVIDENCE_MATRIX.md — Paper 10; PDF pp. 6, 8–12",Use standardized architecture as a PROJECT-ADAPTATION on NIFTY close; does not reproduce ambiguous source target/data schema. Standardized architecture is project-defined; source target/schema ambiguity remains and author-reported metrics are not used.,NIFTY daily OHLCV with valid exchange-session and publication timestamps,ELIGIBLE_AFTER_PPR4_PPR5_GATES,true,true,4,5,20,60,"Must pass source, data, PIT, offline-code and exact-snapshot tester gates before fitting; adaptation is not exact paper replication.",
R050,P10,NONE,Kallimath et al. ISMLA 2025,CNN+TCN hybrid,AUTHOR-IMPLEMENTED,PROJECT-ADAPTATION,ARCHITECTURE_PRICE_PROJECT_ADAPTATION,CNN+TCN hybrid,CNN_TCN_REGRESSION,price_regression,COMMON_CLOSE_REGRESSION,COMMON_CLOSE_REGRESSION,1|2|3|5|10,CORE_OHLCV_TECH|EXTERNAL_MARKET|FLOWS_OPTIONS|TIMESTAMPED_SENTIMENT_FUSION,price prediction claimed; actual target/data schema remains ambiguous,,Kaggle data contains option-like callOpen/callHigh/callLow/callClose fields,"2,350 train / 235 test; order unclear; reported 50 iterations","PAPER_SOURCE_EVIDENCE_MATRIX.md — Paper 10; PDF pp. 6, 8–12",Use standardized architecture as a PROJECT-ADAPTATION on NIFTY close; does not reproduce ambiguous source target/data schema. Standardized architecture is project-defined; source target/schema ambiguity remains and author-reported metrics are not used.,NIFTY daily OHLCV with valid exchange-session and publication timestamps,ELIGIBLE_AFTER_PPR4_PPR5_GATES,true,true,4,5,20,60,"Must pass source, data, PIT, offline-code and exact-snapshot tester gates before fitting; adaptation is not exact paper replication.",
R051,P10,NONE,Kallimath et al. ISMLA 2025,LSTM+TCN hybrid,AUTHOR-IMPLEMENTED,PROJECT-ADAPTATION,ARCHITECTURE_PRICE_PROJECT_ADAPTATION,LSTM+TCN hybrid,LSTM_TCN_REGRESSION,price_regression,COMMON_CLOSE_REGRESSION,COMMON_CLOSE_REGRESSION,1|2|3|5|10,CORE_OHLCV_TECH|EXTERNAL_MARKET|FLOWS_OPTIONS|TIMESTAMPED_SENTIMENT_FUSION,price prediction claimed; actual target/data schema remains ambiguous,,Kaggle data contains option-like callOpen/callHigh/callLow/callClose fields,"2,350 train / 235 test; order unclear; reported 50 iterations","PAPER_SOURCE_EVIDENCE_MATRIX.md — Paper 10; PDF pp. 6, 8–12",Use standardized architecture as a PROJECT-ADAPTATION on NIFTY close; does not reproduce ambiguous source target/data schema. Standardized architecture is project-defined; source target/schema ambiguity remains and author-reported metrics are not used.,NIFTY daily OHLCV with valid exchange-session and publication timestamps,ELIGIBLE_AFTER_PPR4_PPR5_GATES,true,true,4,5,20,60,"Must pass source, data, PIT, offline-code and exact-snapshot tester gates before fitting; adaptation is not exact paper replication.",
R052,P12,NONE,Fathali et al. 2022,RNN activation=SIGMOID,AUTHOR-IMPLEMENTED,PROJECT-ADAPTATION,ARCHITECTURE_ACTIVATION_PROJECT_ADAPTATION,RNN price regressor,RNN_REG_SIGMOID,price_regression,COMMON_CLOSE_REGRESSION,COMMON_CLOSE_REGRESSION,1|2|3|5|10,CORE_OHLCV_TECH|EXTERNAL_MARKET|FLOWS_OPTIONS|TIMESTAMPED_SENTIMENT_FUSION,NIFTY price regression; architecture/activation/feature/epoch comparisons,,Daily NIFTY OHLCV; exact window not yet fully captured in this matrix,80:20 plus K-fold inside training; chronological fold semantics require checking,PAPER_SOURCE_EVIDENCE_MATRIX.md — Paper 12; PDF pp. 11–18,"Fixed architecture adaptations; scaler, feature selection and activation choice occur within training only; softmax adaptation uses softmax in hidden layer and linear regression output (not source-exact).",NIFTY daily OHLCV with valid exchange-session and publication timestamps,ELIGIBLE_AFTER_PPR4_PPR5_GATES,true,true,4,5,20,60,Activation comparisons and feature selection are confined to training folds; exact source architecture remains a fidelity limitation.,
R053,P12,NONE,Fathali et al. 2022,RNN activation=RELU,AUTHOR-IMPLEMENTED,PROJECT-ADAPTATION,ARCHITECTURE_ACTIVATION_PROJECT_ADAPTATION,RNN price regressor,RNN_REG_RELU,price_regression,COMMON_CLOSE_REGRESSION,COMMON_CLOSE_REGRESSION,1|2|3|5|10,CORE_OHLCV_TECH|EXTERNAL_MARKET|FLOWS_OPTIONS|TIMESTAMPED_SENTIMENT_FUSION,NIFTY price regression; architecture/activation/feature/epoch comparisons,,Daily NIFTY OHLCV; exact window not yet fully captured in this matrix,80:20 plus K-fold inside training; chronological fold semantics require checking,PAPER_SOURCE_EVIDENCE_MATRIX.md — Paper 12; PDF pp. 11–18,"Fixed architecture adaptations; scaler, feature selection and activation choice occur within training only; softmax adaptation uses softmax in hidden layer and linear regression output (not source-exact).",NIFTY daily OHLCV with valid exchange-session and publication timestamps,ELIGIBLE_AFTER_PPR4_PPR5_GATES,true,true,4,5,20,60,Activation comparisons and feature selection are confined to training folds; exact source architecture remains a fidelity limitation.,
R054,P12,NONE,Fathali et al. 2022,RNN activation=SOFTMAX_HIDDEN,AUTHOR-IMPLEMENTED,PROJECT-ADAPTATION,ARCHITECTURE_ACTIVATION_PROJECT_ADAPTATION,RNN price regressor,RNN_REG_SOFTMAX_HIDDEN,price_regression,COMMON_CLOSE_REGRESSION,COMMON_CLOSE_REGRESSION,1|2|3|5|10,CORE_OHLCV_TECH|EXTERNAL_MARKET|FLOWS_OPTIONS|TIMESTAMPED_SENTIMENT_FUSION,NIFTY price regression; architecture/activation/feature/epoch comparisons,,Daily NIFTY OHLCV; exact window not yet fully captured in this matrix,80:20 plus K-fold inside training; chronological fold semantics require checking,PAPER_SOURCE_EVIDENCE_MATRIX.md — Paper 12; PDF pp. 11–18,"Fixed architecture adaptations; scaler, feature selection and activation choice occur within training only; softmax adaptation uses softmax in hidden layer and linear regression output (not source-exact). Softmax is only in hidden layer and output remains linear; this is a project adaptation, not an assumption about the paper's precise layer placement.",NIFTY daily OHLCV with valid exchange-session and publication timestamps,ELIGIBLE_AFTER_PPR4_PPR5_GATES,true,true,4,5,20,60,Activation comparisons and feature selection are confined to training folds; exact source architecture remains a fidelity limitation.,
R055,P12,NONE,Fathali et al. 2022,LSTM activation=SIGMOID,AUTHOR-IMPLEMENTED,PROJECT-ADAPTATION,ARCHITECTURE_ACTIVATION_PROJECT_ADAPTATION,LSTM price regressor,LSTM_REG_SIGMOID,price_regression,COMMON_CLOSE_REGRESSION,COMMON_CLOSE_REGRESSION,1|2|3|5|10,CORE_OHLCV_TECH|EXTERNAL_MARKET|FLOWS_OPTIONS|TIMESTAMPED_SENTIMENT_FUSION,NIFTY price regression; architecture/activation/feature/epoch comparisons,,Daily NIFTY OHLCV; exact window not yet fully captured in this matrix,80:20 plus K-fold inside training; chronological fold semantics require checking,PAPER_SOURCE_EVIDENCE_MATRIX.md — Paper 12; PDF pp. 11–18,"Fixed architecture adaptations; scaler, feature selection and activation choice occur within training only; softmax adaptation uses softmax in hidden layer and linear regression output (not source-exact).",NIFTY daily OHLCV with valid exchange-session and publication timestamps,ELIGIBLE_AFTER_PPR4_PPR5_GATES,true,true,4,5,20,60,Activation comparisons and feature selection are confined to training folds; exact source architecture remains a fidelity limitation.,
R056,P12,NONE,Fathali et al. 2022,LSTM activation=RELU,AUTHOR-IMPLEMENTED,PROJECT-ADAPTATION,ARCHITECTURE_ACTIVATION_PROJECT_ADAPTATION,LSTM price regressor,LSTM_REG_RELU,price_regression,COMMON_CLOSE_REGRESSION,COMMON_CLOSE_REGRESSION,1|2|3|5|10,CORE_OHLCV_TECH|EXTERNAL_MARKET|FLOWS_OPTIONS|TIMESTAMPED_SENTIMENT_FUSION,NIFTY price regression; architecture/activation/feature/epoch comparisons,,Daily NIFTY OHLCV; exact window not yet fully captured in this matrix,80:20 plus K-fold inside training; chronological fold semantics require checking,PAPER_SOURCE_EVIDENCE_MATRIX.md — Paper 12; PDF pp. 11–18,"Fixed architecture adaptations; scaler, feature selection and activation choice occur within training only; softmax adaptation uses softmax in hidden layer and linear regression output (not source-exact).",NIFTY daily OHLCV with valid exchange-session and publication timestamps,ELIGIBLE_AFTER_PPR4_PPR5_GATES,true,true,4,5,20,60,Activation comparisons and feature selection are confined to training folds; exact source architecture remains a fidelity limitation.,
R057,P12,NONE,Fathali et al. 2022,LSTM activation=SOFTMAX_HIDDEN,AUTHOR-IMPLEMENTED,PROJECT-ADAPTATION,ARCHITECTURE_ACTIVATION_PROJECT_ADAPTATION,LSTM price regressor,LSTM_REG_SOFTMAX_HIDDEN,price_regression,COMMON_CLOSE_REGRESSION,COMMON_CLOSE_REGRESSION,1|2|3|5|10,CORE_OHLCV_TECH|EXTERNAL_MARKET|FLOWS_OPTIONS|TIMESTAMPED_SENTIMENT_FUSION,NIFTY price regression; architecture/activation/feature/epoch comparisons,,Daily NIFTY OHLCV; exact window not yet fully captured in this matrix,80:20 plus K-fold inside training; chronological fold semantics require checking,PAPER_SOURCE_EVIDENCE_MATRIX.md — Paper 12; PDF pp. 11–18,"Fixed architecture adaptations; scaler, feature selection and activation choice occur within training only; softmax adaptation uses softmax in hidden layer and linear regression output (not source-exact). Softmax is only in hidden layer and output remains linear; this is a project adaptation, not an assumption about the paper's precise layer placement.",NIFTY daily OHLCV with valid exchange-session and publication timestamps,ELIGIBLE_AFTER_PPR4_PPR5_GATES,true,true,4,5,20,60,Activation comparisons and feature selection are confined to training folds; exact source architecture remains a fidelity limitation.,
R058,P12,NONE,Fathali et al. 2022,CNN activation=SIGMOID,AUTHOR-IMPLEMENTED,PROJECT-ADAPTATION,ARCHITECTURE_ACTIVATION_PROJECT_ADAPTATION,CNN price regressor,CNN_REG_SIGMOID,price_regression,COMMON_CLOSE_REGRESSION,COMMON_CLOSE_REGRESSION,1|2|3|5|10,CORE_OHLCV_TECH|EXTERNAL_MARKET|FLOWS_OPTIONS|TIMESTAMPED_SENTIMENT_FUSION,NIFTY price regression; architecture/activation/feature/epoch comparisons,,Daily NIFTY OHLCV; exact window not yet fully captured in this matrix,80:20 plus K-fold inside training; chronological fold semantics require checking,PAPER_SOURCE_EVIDENCE_MATRIX.md — Paper 12; PDF pp. 11–18,"Fixed architecture adaptations; scaler, feature selection and activation choice occur within training only; softmax adaptation uses softmax in hidden layer and linear regression output (not source-exact).",NIFTY daily OHLCV with valid exchange-session and publication timestamps,ELIGIBLE_AFTER_PPR4_PPR5_GATES,true,true,4,5,20,60,Activation comparisons and feature selection are confined to training folds; exact source architecture remains a fidelity limitation.,
R060,P12,NONE,Fathali et al. 2022,CNN activation=SOFTMAX_HIDDEN,AUTHOR-IMPLEMENTED,PROJECT-ADAPTATION,ARCHITECTURE_ACTIVATION_PROJECT_ADAPTATION,CNN price regressor,CNN_REG_SOFTMAX_HIDDEN,price_regression,COMMON_CLOSE_REGRESSION,COMMON_CLOSE_REGRESSION,1|2|3|5|10,CORE_OHLCV_TECH|EXTERNAL_MARKET|FLOWS_OPTIONS|TIMESTAMPED_SENTIMENT_FUSION,NIFTY price regression; architecture/activation/feature/epoch comparisons,,Daily NIFTY OHLCV; exact window not yet fully captured in this matrix,80:20 plus K-fold inside training; chronological fold semantics require checking,PAPER_SOURCE_EVIDENCE_MATRIX.md — Paper 12; PDF pp. 11–18,"Fixed architecture adaptations; scaler, feature selection and activation choice occur within training only; softmax adaptation uses softmax in hidden layer and linear regression output (not source-exact). Softmax is only in hidden layer and output remains linear; this is a project adaptation, not an assumption about the paper's precise layer placement.",NIFTY daily OHLCV with valid exchange-session and publication timestamps,ELIGIBLE_AFTER_PPR4_PPR5_GATES,true,true,4,5,20,60,Activation comparisons and feature selection are confined to training folds; exact source architecture remains a fidelity limitation.,
R061,P13,NONE,Kumar & Sharma 2016,Feed-forward MLP with backpropagation,AUTHOR-IMPLEMENTED,PROJECT-ADAPTATION,PAPER_ARCHITECTURE_PROJECT_ADAPTATION,Feed-forward MLP regressor,MLP_FEEDFORWARD_KUMAR_SHARMA,price_regression,COMMON_CLOSE_REGRESSION,COMMON_CLOSE_REGRESSION,1|2|3|5|10,CORE_OHLCV_TECH|EXTERNAL_MARKET|FLOWS_OPTIONS|TIMESTAMPED_SENTIMENT_FUSION,next-day OHLC price forecast using a feed-forward MLP,,"2006-04-03 to 2016-05-16; 3,335 daily instances",70:30; ordering and exact forecast shift are ambiguous,"PAPER_SOURCE_EVIDENCE_MATRIX.md — Paper 13; PDF pp. 1, 3–5",Adapt MLP to common close regression with chronological folds; keep source-reported 99.2152% accuracy undefined/non-comparable.,NIFTY daily OHLCV with valid exchange-session and publication timestamps,ELIGIBLE_AFTER_PPR4_PPR5_GATES,true,true,4,5,20,60,"Must pass source, data, PIT, offline-code and exact-snapshot tester gates before fitting; adaptation is not exact paper replication.",
R062,P14,NONE,JRFM 2023 BE-LSTM,LSTM close regressor,AUTHOR-IMPLEMENTED,PROJECT-ADAPTATION,LEAKAGE_SAFE_PAPER_METHOD_ADAPTATION,LSTM close regressor,LSTM_REGRESSION_JRFM,price_regression,COMMON_CLOSE_REGRESSION,COMMON_CLOSE_REGRESSION,1|2|3|5|10,CORE_OHLCV_TECH|EXTERNAL_MARKET|FLOWS_OPTIONS|TIMESTAMPED_SENTIMENT_FUSION,closing price prediction; next-30-day task also described,,"Yahoo Finance 2005-01-20 to 2021-03-05; 3,986 rows reported",Published backward elimination runs on full sample; leakage risk,PAPER_SOURCE_EVIDENCE_MATRIX.md — Paper 14; PDF pp. 9–20,Leakage-safe BE-LSTM adaptation refits feature selection strictly inside each training fold; do not reproduce full-sample feature selection as confirmatory evidence. BE-LSTM feature selection is refit inside each training fold; the published full-sample selection is not used in confirmatory scoring.,NIFTY daily OHLCV with valid exchange-session and publication timestamps,ELIGIBLE_AFTER_PPR4_PPR5_GATES,true,true,4,5,20,60,"Must pass source, data, PIT, offline-code and exact-snapshot tester gates before fitting; adaptation is not exact paper replication.",
R063,P14,NONE,JRFM 2023 BE-LSTM,Backward-Elimination LSTM,AUTHOR-IMPLEMENTED,PROJECT-ADAPTATION,LEAKAGE_SAFE_PAPER_METHOD_ADAPTATION,Backward-Elimination LSTM,BE_LSTM_REGRESSION_SAFE,price_regression,COMMON_CLOSE_REGRESSION,COMMON_CLOSE_REGRESSION,1|2|3|5|10,CORE_OHLCV_TECH|EXTERNAL_MARKET|FLOWS_OPTIONS|TIMESTAMPED_SENTIMENT_FUSION,closing price prediction; next-30-day task also described,,"Yahoo Finance 2005-01-20 to 2021-03-05; 3,986 rows reported",Published backward elimination runs on full sample; leakage risk,PAPER_SOURCE_EVIDENCE_MATRIX.md — Paper 14; PDF pp. 9–20,Leakage-safe BE-LSTM adaptation refits feature selection strictly inside each training fold; do not reproduce full-sample feature selection as confirmatory evidence. BE-LSTM feature selection is refit inside each training fold; the published full-sample selection is not used in confirmatory scoring.,NIFTY daily OHLCV with valid exchange-session and publication timestamps,ELIGIBLE_AFTER_PPR4_PPR5_GATES,true,true,4,5,20,60,"Must pass source, data, PIT, offline-code and exact-snapshot tester gates before fitting; adaptation is not exact paper replication.",
