source_id,data_family,source_name,source_url,source_class,data_grain,coverage_start_claim,coverage_end_claim,frequency,expected_fields,public_metadata_evidence,point_in_time_and_quality_risks,availability_status,license_status,existing_cache_state,project_acceptance_status,next_permitted_action,bulk_acquisition_authorized,model_panel_accepted,notes
P4-001,INDEX_PRICE,NSE/NSE Indices Historical Index Data,https://www.nseindia.com/static/resources/historical-reports-capital-market-daily-monthly-archives,OFFICIAL_PRIMARY,DAILY_INDEX_ARCHIVE,1990-07-03 (official FAQ claim),Current (page updated 2026-10-10),Daily,NIFTY 50 close/OHLC if exposed; NIFTY TRI optional,"Official NSE archive page lists Historical Index Data, India VIX, daily/monthly indices reports, advances/declines and total-return index values. NSE FAQ states NIFTY 50 available from 1990-07-03 and says historical NIFTY and NIFTY-TR are useful for research; actual downloaded schema/coverage not sampled.","Confirm exchange session, publication/availability time, historical methodology changes and whether requested date range is honored.",DOCS_METADATA_FOUND_COVERAGE_NOT_SAMPLED,Official source; retention/redistribution terms not reviewed,No full price series in Git data/cache; prior Run44 existed as workflow artifact only,NOT_ACCEPTED_FOR_MODELING,Read-only documentation/metadata; any bounded source sample requires a fresh PPR4 source manifest and tester approval.,false,false,Candidate primary source; do not infer file completeness from archive UI alone.
P4-002,OPTIONS_EOD,NSE F&O Historical Reports / UDiFF Bhavcopy,https://www.nseindia.com/all-reports-derivatives,OFFICIAL_PRIMARY,DAILY_OPTION_CONTRACT_ARCHIVE,Unverified; legacy/archive sources are documented,Current; format change 2024-07-08,Daily EOD,"Option OHLC, settlement, volume, OI, participant OI/volume and contract files where fields exist","Official page lists F&O daily reports, FII derivatives statistics, participant-wise OI/volume, legacy bhavcopy and UDiFF Common Bhavcopy Final; legacy common bhavcopy discontinued 2024-07-08. Format boundary must be handled by versioned parser; official per-contract price/volume page says its date filter exposes only 90 days; daily archive link may be broader but has not been validated end-to-end.",EOD values only usable after source publication; point-in-time contract existence and listing/expiry are needed; no retroactive strike universe.,DOCS_METADATA_FOUND_HISTORY_DEPTH_UNVERIFIED,Official source; archive retention/reuse terms need review,None in repo; only one Dhan daily sample unrelated to option chain,NOT_ACCEPTED_FOR_MODELING,Inspect archive-link metadata only; no option history request or file download until separately gated.,false,false,Do not mistake the 90-day contract query cap for the entire historical bhavcopy archive.
P4-003,OPTIONS_EOD,SantoshSrinivas79 NSE-FNO-Data-bank repository,https://github.com/SantoshSrinivas79/NSE-FNO-Data-bank,THIRD_PARTY_CACHE_OF_OFFICIAL_SOURCE,DAILY_ARCHIVE_MIRROR,2020-04-13 (README claim),2026-08-31 (README claim),Daily EOD,NSE F&O ZIP archives and schema validation,"Public README says 1,579 validated archives from 2020-04-13 to 2026-08-31, roughly 1.2 GB compressed, using NSE legacy and UDiFF archive formats. This is a repository/README claim, not a raw-row audit. Data redistribution license, missing dates and parser behavior require later metadata/code review; no archive files fetched.",As-of contract inventory; EOD publication timestamp; keep ZIP hashes and original NSE date/source; 2024-07-08 format change.,README_METADATA_LEAD_ONLY,Data licensing/redistribution to verify,Not mirrored into this project's data/cache,NOT_ACCEPTED_FOR_MODELING,Inspect public README/license and validation code only; do not download archive ZIP files.,false,false,Potential route for archive metadata/cache policy; not authoritative until reconciled.
P4-004,OPTIONS_EOD,rissin/nse-options-intraday HF dataset card,https://huggingface.co/datasets/rissin/nse-options-intraday,DERIVED_DATASET_WITH_MIXED_PROVIDERS,PARQUET_DAILY_AND_INTRADAY,2001 (NIFTY daily option-history claim); 2024 (intraday),Current (dataset card),Daily EOD and 1-minute,"Date/timestamp, underlying, expiry, strike, option_type, OHLC, volume, OI, settlement, source, granularity","Dataset card lists ~258.9M rows, ~2.51 GB, daily NIFTY EOD from 2001→present assembled from NSE F&O bhavcopy; 1-minute data from Upstox API for 2024→present. License metadata says `other`. Public viewer first rows shown for early BANKNIFTY date have zero OHLC/volume/OI. Must identify source per row (NSE vs Upstox), contract-level zero/missing semantics, sparse/inactive contracts, timestamp and expiry correctness, revision/vintage and source terms. Visible zero rows should not be interpreted as traded price without rule.",METADATA_FOUND_COVERAGE_CLAIMED_SCHEMA_VISIBLE_BUT_UNVALIDATED,License is `other`; underlying NSE/Upstox redistribution/use terms require legal review,Not in repo; no parquet files downloaded,NOT_ACCEPTED_FOR_MODELING,NOT_ACCEPTED_FOR_MODELING,Inspect dataset card/revision/license metadata only; no Parquet download or HF_TOKEN use.,false,false,"Large promising lead, but no full dataset request permitted at this gate."
P4-005,OPTIONS_INTRADAY,thetrademarkk/india-index-options-1m HF dataset,https://huggingface.co/datasets/thetrademarkk/india-index-options-1m,DERIVED_DATASET,PARQUET_1_MINUTE,Approximately 2021 (card claim),2026 (card claim),1-minute OHLCV/OI,"Timestamp IST, index/options symbols, OHLCV, OI, strike/option_type/expiry for options",Dataset card shows ~377M rows and size 4GB; declares CC-BY-NC-4.0 and says illiquid/far strikes are sparse/absent; around 2021–2026 coverage. Source says data are supplied as-is and should be cross-validated with official exchange data; missing option contracts do not mean zero quotes; source-derived licensing is non-commercial only.,DOCS_METADATA_FOUND_COVERAGE_CLAIMED,CC-BY-NC-4.0 (non-commercial); verify intended use and attribution requirements,Not in repo; no file content downloaded,NOT_ACCEPTED_FOR_MODELING,NOT_ACCEPTED_FOR_MODELING,Inspect dataset card/license/provenance only; no 4GB download at this gate.,false,false,Not sufficient for early multi-year source-native tasks; useful cross-check lead after approval.
P4-006,OPTIONS_INTRADAY,artist-23/nifty-options-data HF dataset,https://huggingface.co/datasets/artist-23/nifty-options-data,DERIVED_DATASET,OPTION_DATASET,Unknown,Unknown,Claimed weekly/monthly options,"Unknown; expected contract, expiry, IV/OI/spot fields per registry","Existing registry describes NIFTY option references; dataset card/license/coverage have not been independently verified during this pass. No license stated in current registry; cannot assume public visibility grants redistribution or commercial use; need source lineage, timezone, symbol/expiry rules.",REGISTRY_LEAD_LICENSE_AND_SCHEMA_UNVERIFIED,Unknown/no license stated in registry,Not in repo,NOT_ACCEPTED_FOR_MODELING,NOT_ACCEPTED_FOR_MODELING,Verify public license/schema metadata only; no file request.,false,false,Do not use until license and lineage are resolved.
P4-007,OPTIONS_EOD,NSE historical contract-wise price-volume page,https://www.nseindia.com/report-detail/fo_eq_security,OFFICIAL_PRIMARY,DATE_FILTERED_EOD_QUERY,Current window constrained to 90 days per page notice,Current,Daily EOD,OHLC/LTP/settlement/volume/OI/change OI/underlying value,Official page lists these fields but states the date-period filter only allows 90 days. This page alone cannot cover the 5/10/20-year native tasks; separate archive path required.,DOCS_METADATA_FOUND_COVERAGE_LIMIT,Official source; terms not reviewed,Not in repo,NOT_ACCEPTED_FOR_MODELING,NOT_ACCEPTED_FOR_MODELING,Respect 90-day query limit; no repeated query to bypass it.,false,false,Do not use repeated requests to bypass the documented period bound.
P4-008,INDEX_VOLATILITY,NSE India VIX history and methodology,https://www.nseindia.com/static/products-services/indices-indiavix-index,OFFICIAL_PRIMARY,DAILY_INDEX_AND_METHODOLOGY,Historical depth not confirmed in this audit,Current,Daily/index snapshot,"India VIX value, underlying option inputs/methodology documentation",Official page lists India VIX and methodology/history links; VIX is derived from best bid/ask NIFTY options and represents expected volatility over the next 30 calendar days. Need official value publication timestamp and vintage; any reconstructed/derived IV must use same-time option data; history depth and downloadable schema remain untested.,DOCS_METADATA_FOUND_COVERAGE_NOT_SAMPLED,Official source; reuse terms not audited,No India VIX data file in `data/` cache,NOT_ACCEPTED_FOR_MODELING,NOT_ACCEPTED_FOR_MODELING,Inspect official methodology and history-link metadata only.,false,false,Useful volatility-regime input; no source date range accepted yet.
P4-009,FII_DII,NSE FII/FPI and DII activity,https://www.nseindia.com/reports/fii-dii,OFFICIAL_PRIMARY,DAILY_AGGREGATE_FLOW,Historical range unresolved,Current page,Daily; provisional/revisable,Cash-market buy/sell/net; NSE-only and combined NSE/BSE/MSEI series,"Official page exposes daily buy/sell/net and separate scope variants; values described as provisional and subject to revision. Prior discovery observed a date-filter query ignoring the requested July 2024 window and returning current 2026-10-09 rows. Must record publication/availability timestamp, scope variant and revision vintage. An observed-date field alone is insufficient. Date query bug means no historic coverage claim.",PRIOR_SOURCE_DISCOVERY_API_WINDOW_BUG_COVERAGE_UNRESOLVED,Official source; retention terms to check,No accepted historical cash-flow series in repo cache,NOT_ACCEPTED_FOR_MODELING,NOT_ACCEPTED_FOR_MODELING,Document prior date-window mismatch; no flow request until a new source-specific gate.,false,false,Critical unresolved feature family; no reason to jump to paid feeds.
P4-010,FPI_ONLY,CDSL Daily FPI investment archive,https://www.cdslindia.com/Publications/ForeignPortInvestor.html,OFFICIAL_SOURCE_FOR_FPI,DAILY_FPI_AGGREGATE,Daily archive links observed at least into 2024 per prior discovery; archive page claims much older coverage,Current,Daily,"Equity exchange gross purchases, sales, net; other debt/derivatives categories must be kept separate","Prior source inventory found dated daily XLS links (e.g. 2024-09-30 and 2024-10-09). CDSL explains confirmed figures are custodian-reported trades on and up to previous trading days; XLS values were not parsed/accepted. Archive form route returned 403 through web reader. FPI-only, not DII; distinguish report date from trade dates and revision/vintage; do not equate with NSE combined aggregate.",DOCS_METADATA_FOUND_ARCHIVE_LINKS_NOT_SAMPLED,Official source; report redistribution terms to check,No parsed file in repo,NOT_ACCEPTED_FOR_MODELING,NOT_ACCEPTED_FOR_MODELING,Inspect archive definitions and historical link metadata only; no XLS file request.,false,false,"Potential free FPI component/proxy, not a complete FII/DII replacement."
P4-011,FPI_ONLY,SEBI Trade-wise Equity Data of FPI,https://www.sebi.gov.in/statistics/fpi-investment/trade-wise-equity-data-of-fpi.html,OFFICIAL_REGULATOR,MONTHLY_TRANSACTION_LEVEL,Archive lists monthly files from 2003 (metadata claim),Current page,Monthly files with daily transaction dates,"Trade date, transaction type, value, scrip/ISIN, exchange, report date and amendment info",Official archive lists transaction-level FPI equity data; not the same series as daily combined cash-market FII/FPI/DII aggregate. Can produce a separately defined aggregate only with precise reproducible aggregation and publication lag; cannot supply DII; monthly files/license terms need inspection.,DOCS_METADATA_FOUND_DIFFERENT_GRAIN,Official source; bulk file acquisition not authorized,No transaction files cached here,NOT_ACCEPTED_FOR_MODELING,NOT_ACCEPTED_FOR_MODELING,Inspect field definitions/archive metadata only; no monthly file download.,false,false,Possible future FPI proxy only by separately gated protocol.
P4-012,FII_DII,Hugging Face johnwick3690/stocks FII/DII CSV metadata lead,https://huggingface.co/datasets/johnwick3690/stocks,DERIVED_DATASET_LEAD,CSV_METADATA_AND_TINY_RANGE_SAMPLE_REQUIRED,Public change/commit summary showed 503 added lines,Unknown exact valid session range,Potential daily aggregate CSV,Unknown schema until header/tail sample authorized,"Prior repo discovery found path `nifty historical data/fii dii data/fii_dii_2024_to_today.csv` and a 503-line public diff clue; that is not proof of unique dates, complete FII+DII fields or actual lineage. Previous bounded spec for a very similar probe exists but its manifest is spent; do not reuse it. Need inspect dataset card, immutable revision, license, provenance, row counts, unique session coverage and source/vintage under a new spec and one-use gate.",METADATA_LEAD_ONLY_NOT_SCHEMA_VERIFIED,License/provenance require verification,Not downloaded into repo,NOT_ACCEPTED_FOR_MODELING,NOT_ACCEPTED_FOR_MODELING,Review dataset card and immutable revision metadata only; do not issue HEAD/Range requests until fresh gate.,false,false,HF_TOKEN is not permission to bypass the gate; no token used.
P4-013,FII_DII,MrChartist/fii-dii-data public repository,https://github.com/MrChartist/fii-dii-data,THIRD_PARTY_MIXED_PROVENANCE,DAILY_JSON_MIXED,README claims `full history (800 records)`; earlier bounded artifact reported 164 unique dates,2026-01-14 to 2026-09-30 per prior artifact (mismatches README claim),Daily and coarser aggregates,History JSON contains mixed provenance labels,"Prior source review found seed script generates 'realistic' daily records from monthly/yearly aggregates and labels them `historical-seed`; these rows are synthetic estimates and must be excluded. Previous history JSON retrieval was an error, not accepted data. Need source-specific per-row lineage; any historical-seed/placeholder/generator row rejected; only genuine dated fetch-pipeline/live-fetch may be considered after independent provenance check.",KNOWN_SYNTHETIC_SEED_CONTAMINATION,Third-party; original source/license unclear,Raw JSON not accepted/cached into canonical dataset,REJECTED_WHOLE_FILE_MIXED_PROVENANCE,REJECTED_WHOLE_FILE_MIXED_PROVENANCE,Review source code/README only; never fetch mixed history JSON; synthetic rows stay excluded.,false,false,Prior accidental history-file retrieval was not accepted or used; no row-level modelling.
P4-014,FII_DII,marketcalls/fii-dii-data and r7sh7/fii-dii-data,https://github.com/marketcalls/fii-dii-data ; https://github.com/r7sh7/fii-dii-data,THIRD_PARTY_REPOSITORIES,DAILY_RECENT_PLUS_AGGREGATES_OR_TINY_JSON,README claims mixed: 15 daily rows / 12-month monthly / 24-month monthly; r7sh7 claims 14 years but tiny tracked JSON,Unverified,Recent daily and coarse aggregates,Daily file metadata and source provenance not verified,Earlier directory metadata identified identical fork/copied dashboards across several repositories; not independent corroboration. r7sh7 README coverage claim conflicts with tracked file size; not yet sampled. Do not count copied forks as independent; monthly/annual aggregates cannot replace daily input labels.,README_AND_FILE_SIZE_INCONSISTENCY,License/provenance unknown,Not cached in project,NOT_ACCEPTED_FOR_MODELING,NOT_ACCEPTED_FOR_MODELING,Inspect repository tree/license/README metadata only; no raw history fetch.,false,false,"Candidate discovery lead, likely insufficient by itself."
P4-015,FX,RBI Reference Rate Archive (USD/INR),https://www.rbi.org.in/Scripts/ReferenceRateArchive.aspx,OFFICIAL_PRIMARY,DAILY_REFERENCE_RATE,Historical range not verified in this audit,Current archive,Daily reference rate,USD/INR reference rate and date,"Existing source manifest and RBI archive page serve as a public documented source lead; no file/schema samples inspected or fetched in this PPR4 pass. Use `available_at`/publication timestamp, not only rate date; default to next-session where timing unknown.",DOCS_METADATA_FOUND_COVERAGE_NOT_SAMPLED,Official source; terms to check,No USD/INR files in Git cache,NOT_ACCEPTED_FOR_MODELING,NOT_ACCEPTED_FOR_MODELING,Read official rate definitions and release timing only.,false,false,Potential free macro feature.
P4-016,US_RATES,US Treasury daily Treasury yield curve XML/CSV,https://home.treasury.gov/treasury-daily-interest-rate-xml-feed,OFFICIAL_PRIMARY,DAILY_YIELD_CURVE,Historical yearly queries and `all` pagination are documented,Current,Daily release,Daily Treasury yield series incl 10Y,Treasury documentation describes XML GET feed with year filter and pagination for `all`; source records are downloadable in XML. No values requested in this audit. Store release/publication timestamp and only use if known by NIFTY decision time; default daily rates to next Indian session if release time is not proven.,DOCS_METADATA_FOUND_FREE_API_COVERAGE_NOT_SAMPLED,Official source; terms to verify,No rate files in Git cache,NOT_ACCEPTED_FOR_MODELING,NOT_ACCEPTED_FOR_MODELING,Read feed schema/release timing only; no rate payloads downloaded.,false,false,Source supports historical-availability lead but no acquisition is authorized.
P4-017,GLOBAL_VOLATILITY,Cboe VIX daily historical data,https://www.cboe.com/tradable_products/vix/vix_historical_data,OFFICIAL_PRIMARY,DAILY_VIX_CLOSE,1990 to present (official page claim),Current,Daily close,Cboe VIX daily close and other volatility indexes,Official page states daily closing values for 1990 to present updated daily; custom VIX options/futures data are separate DataShop products. Respect US close timezone and availability; no future US close in NIFTY same-day feature; license/automated retrieval terms need review.,DOCS_METADATA_FOUND_COVERAGE_CLAIMED,Official source; automated-use terms not reviewed,No Cboe series cached in repo,NOT_ACCEPTED_FOR_MODELING,NOT_ACCEPTED_FOR_MODELING,Read VIX history and reuse terms only.,false,false,Daily cash VIX is a free-source lead; VIX options/futures data are separate.
P4-018,CRUDE_OIL,US EIA WTI spot price daily history,https://www.eia.gov/dnav/pet/hist/leafhandler.ashx?f=a&n=pet&s=rwtc,OFFICIAL_PRIMARY,DAILY_SPOT_PRICE,Daily history page shows 1980s onward,Current,Daily/weekly/monthly/annual view,WTI spot price in USD per barrel,EIA public historical page lists decade annual data extending to 1980s and XLS download. No data downloaded. Publication/release timestamp and US timezone matter; daily result should generally be lagged to next Indian session unless timing proved.,DOCS_METADATA_FOUND_FREE_HISTORY_CLAIMED,Official source; API/download terms not audited,No crude series cached in repo,NOT_ACCEPTED_FOR_MODELING,NOT_ACCEPTED_FOR_MODELING,Read official release/calendar details only; no XLS/CSV download.,false,false,Potential global-risk feature.
P4-019,GOLD,LBMA Gold Price,https://www.lbma.org.uk/prices-and-data/lbma-gold-price,INDUSTRY_SOURCE,GOLD_REFERENCE_PRICE,Unverified,Current,Daily fixes,Gold price in USD and market fixing timestamps,Existing source manifest lists this reference; prior searches found LBMA states pricing IP owned by LBMA/IBA and use/redistribution may require license. Could use a documented open fallback if use terms are restrictive; observation/fixing timestamp and timezone must align; no values acquired.,LICENSE_REVIEW_REQUIRED,Potential restriction/license required; do not assume free redistribution,No gold series cached in repo,NOT_ACCEPTED_FOR_MODELING,NOT_ACCEPTED_FOR_MODELING,Find a suitably licensed free alternate or verify terms; no LBMA price file request.,false,false,Do not treat page visibility as an unrestricted public-data license.
P4-020,GLOBAL_EQUITIES,Yahoo Finance S&P500/Nasdaq/Nikkei/Hang Seng fallback series,https://query1.finance.yahoo.com/v8/finance/chart/%5EGSPC ; https://query1.finance.yahoo.com/v8/finance/chart/%5EIXIC ; https://query1.finance.yahoo.com/v8/finance/chart/%5EN225 ; https://query1.finance.yahoo.com/v8/finance/chart/%5EHSI,FREE_FALLBACK_REFERENCE,DAILY_INDEX_HISTORY,Run44 sources reported ~2020+ cache artifact,Through 2026-10-09 in Run44 artifact,Daily close,Global index close returns,"Global manifest marks these four symbols ACTIVE_REFERENCE; Run44 tester reported 11 global/peer series and 2,139–2,284 rows per source ending 2026-10-09, but the workflow had `cache_hit:false` on all global sources and reacquired them. Local exchange close times and DST conversions required; source availability as of decision time; terms for redistribution and unattended requests need verification.",PRIOR_RUN_ARTIFACT_CONFIRMED_NOT_LOCAL_CACHE,Free reference only; provider terms need review,No price histories in committed Git data; Run44 workflow artifact only,NOT_ACCEPTED_AS_LOCAL_CACHE,NOT_ACCEPTED_FOR_MODELING,Inspect existing manifest and prior artifact metadata only; no history refresh.,false,false,Do not call fallback canonical or assume reproducible local cache.
P4-021,US_NEWS,GDELT 2.0 full data archive / DOC API,https://blog.gdeltproject.org/gdelt-2-0-our-global-world-in-realtime/ ; https://blog.gdeltproject.org/gdelt-doc-2-0-api-debuts/ ; https://data.gdeltproject.org/,PUBLIC_GLOBAL_NEWS_DATA,NEWS_METADATA_OR_ARTICLE_LINKS,"GDELT 2.0 files start 2015-02-19; full historical backfile was announced, daily master file lists continue",Current/realtime archives,15-minute event/GKG updates; DOC API search window rolling 3 months,"Article URL/title/time, source and metadata/tones/locations depending data product","Official GDELT sources describe historical event/GKG files and DOC 2.0; DOC API documented as only last 3 months, while download archives are separate. Archive content may be coded metadata rather than full article body; this audit did not inspect or download files. Need original publication time, ingestion time, language coverage, changes/deletions, URL persistence and rights to process content. Not substitute current news for missing history.",DOCS_METADATA_FOUND_ARCHIVE_LEAD_NOT_SAMPLED,Public availability ≠ article text redistribution license; terms to review,No news/text cache in Git repo,NOT_ACCEPTED_FOR_MODELING,NOT_ACCEPTED_FOR_MODELING,Inspect archive product/schema/licensing metadata only; no article/news data request.,false,false,Promising public metadata archive; article bodies and sentiment validity remain unresolved.
P4-022,SOCIAL_SENTIMENT,Historical Twitter/X dataset for Mehtab & Sen / news sentiment papers,No approved source URL established,SOURCE_NATIVE_REQUIREMENT,HISTORICAL_POST_ARCHIVE,Source paper describes 2015–2019 mood pipeline; raw archive not established,Unknown,Timestamped post/article records,"Post text/IDs, original post time, ingestion time, sentiment labels","Uploaded PDFs define paper-native mood/sentiment methods, but no suitable reusable historical archive is present in the Git data tree and no license/source timestamp has been verified. Historical access may be unavailable or legally restricted; post IDs alone may no longer hydrate full content. No synthetic/current substitute allowed.",NO_VERIFIED_ARCHIVE_LEAD,Rights/access unknown,No text/social data in repo cache,BLOCKED_DATA_UNVERIFIED,BLOCKED_DATA_UNVERIFIED,Continue metadata-only search for archival access/license; no API/token use or substitute current text.,false,false,PPR4 cannot treat BERT/FinBERT as data-complete merely because model settings exist.
P4-023,KAGGLE_FREE_DATA,Kaggle NIFTY/options/data candidates,https://www.kaggle.com/,PUBLIC_DATASET_CATALOGUE,DATASET_DISCOVERY,No dataset qualified in this pass,Unknown,Unknown,Daily index or option OHLCV/chain inputs,"Search queries did not establish a specific Kaggle source with verifiable date coverage, license, schema and provenance sufficient for the frozen tasks. Need dataset-specific identifier, license, schema, date/session counts, source lineage, synthetic and missingness audit before any accepted use.",NO_QUALIFIED_DATASET_FOUND_IN_THIS_PASS,Dataset-specific license not verified,No Kaggle data in project cache,NOT_ACCEPTED_FOR_MODELING,NOT_ACCEPTED_FOR_MODELING,Keep searching metadata for named datasets; do not claim unavailable on this result alone.,false,false,Limited public search is not proof of unavailability.
P4-024,CORPORATE_ACTIONS,NSE/NSE Clearing corporate-action archives,https://www.nse.in/static/investor-relations/corporate-actions ; https://www.nseindia.com/static/nse-clearing/corporate-actions,OFFICIAL_PRIMARY,ANNOUNCEMENT_AND_EFFECTIVE_DATES,Visible archives include records back at least to 2012 on NSE investor-relations page; range differs by page,Current,Event-based,"Announcement date, record/effective date, event type","Official pages expose announcement/record dates and attachments; index total-return index may be preferable to reconstructing dividends for aggregate index forecasts. Separate announcement time from record/effective date; for NIFTY spot-price direction, corporate actions on constituents are already managed within the index methodology, but TR/returns comparisons must choose price index vs total-return index consistently.",DOCS_METADATA_FOUND_COVERAGE_NOT_SAMPLED,Official source; attachment reuse conditions not reviewed,No actions series in data cache,NOT_ACCEPTED_FOR_MODELING,NOT_ACCEPTED_FOR_MODELING,Read announcement/effective-date schema only; no attachments downloaded.,false,false,"Feature may be optional, but total-return/price-index definitions must be consistent."
P4-025,SOURCE_LICENSE_POLICY,LBMA/HF/NSE derived sources license and terms review,Multiple sources; see above,CROSS_CUTTING,LICENSE_AND_REDISTRIBUTION,N/A,N/A,N/A,"Terms, attribution and redistribution scope",Source cards show CC-BY-NC-4.0 for one HF dataset and `other` for another; LBMA pricing is proprietary/IP with potential license restrictions; official website access does not by itself authorize redistribution. Record license version and allowed use before cache accept; no raw bulk files in Git without explicit license justification; preserve hashes/manifests and store large raw files only where permitted.,LICENSE_AUDIT_REQUIRED,Mixed; some unresolved/restricted,"Repo stores manifest/hash policies, not raw data",NOT_ACCEPTED_FOR_MODELING,NOT_ACCEPTED_FOR_MODELING,Resolve license and retention requirements before any data cache acceptance.,false,false,No paid source or paid plan considered at this stage.
P4-026,SEALED_HOLDOUT_BOUNDARY,Existing research holdout exclusion metadata,Repository tree and PPR3/Run44 source documents inspected,INTERNAL_GOVERNANCE,HOLDOUT_BOUNDARY_METADATA,Not located as machine-readable boundary in current `phase-07-developer` tree,Unknown,N/A,"Holdout dataset ID/hash/split ID, date boundary, row-ID hash, access permissions","The current branch includes statements in PPR3/Run44 specs/test reports that the final holdout remained unopened, but tree search only located prose claims; no dedicated machine-readable holdout metadata manifest/row-ID hash was found in the read-only inventory. Do not infer boundary from statements saying 'unopened'. PPR4 cannot prove the final holdout is excluded using metadata-only evidence currently found.",BLOCKED_GATE_NO_MACHINE_READABLE_BOUNDARY_FOUND,N/A,No holdout values/labels were opened,NOT_VERIFIED_NOT_SAFE_TO_TRAIN,BLOCKED_GATE_NO_MACHINE_READABLE_HOLDOUT_BOUNDARY,"Search GitHub branches, trees, commits and approval manifests for an existing sealed-holdout boundary without opening any observations or labels; if absent, stop and keep model gate blocked.",false,false,Critical blocker for model-panel acceptance and all modelling.
P4-027,EXISTING_LOCAL_CACHE,Repository data/cache inventory,https://github.com/vishnuvcr/Naked-option-v1/tree/phase-07-developer/data,REPOSITORY_METADATA,CACHE_INVENTORY,One Dhan request covers 2024-01-02 only,1 row,Daily bar one day,OHLCV with source/snapshot identifiers in manifest,"Git tree contains only a 121-byte Dhan JSON response plus manifest/status report; no committed full NIFTY OHLCV, options chain, VIX, flows, news, FX, gold/crude, rates or corporate-actions dataset identified. Prior Run44 files exist as workflow artifact evidence, not local Git cache. Do not reuse SPENT Dhan approval. Run44 tester reported cache_hit=false on all global series; no actual data values opened in this inventory.",METADATA_INVENTORY_COMPLETE_FOR_CURRENT_BRANCH,N/A,Cache exists but is one bar only,INSUFFICIENT_FOR_MODELLING,NOT_ACCEPTED_FOR_MODELING,Preserve the one-row cache and spent approval; do not reuse Dhan request manifest.,false,false,No accepted modelling panel exists in the repo cache.
P4-028,EXCHANGE_CALENDAR,NSE trading-session calendar and holidays,https://www.nseindia.com/,OFFICIAL_PRIMARY,SESSION_CALENDAR,Unverified in this audit,Current,Session-level,"Official trading days, holidays, half sessions, expiry shifts",PPR3 relies on NSE session-based horizons but no dedicated versioned exchange calendar data file is present in `data/`; must be frozen/reproducibly generated later. Date-only close-to-close targets must use official sessions; market holidays and exceptional sessions cannot be inferred from generic weekday calendars.,DOCS_METADATA_FOUND_CALENDAR_FILE_NOT_PRESENT,Official calendar source/terms to review,No calendar file in data cache,NOT_ACCEPTED_FOR_MODELING,NOT_ACCEPTED_FOR_MODELING,Find official exchange-session calendar documentation only; no labels or splits generated.,false,false,An official exchange calendar must be frozen before label generation.
P4-029,CONTRACT_MASTER,Historical option contract/lot-size master,https://www.nseindia.com/static/products-services/equity-derivatives-contract-information,OFFICIAL_PRIMARY,EFFECTIVE_DATED_CONTRACT_METADATA,Current contract specs visible; historical point-in-time depth unresolved,Current,Effective-dated / daily contract master,"Expiry, strike, option type, tick, lot size, listing/active intervals","Official contract information is a source lead; prior code review says an instrument-master source remains separate from price history, and the one-use Dhan profile/sample approval cannot be reused. Historical option chains must use contracts/listed strikes available then, and effective-dated lot size/regime; no future contracts synthesized backward.",DOCS_METADATA_FOUND_HISTORY_UNVERIFIED,Official source; retention/license terms to review,No historical contract master cached,NOT_ACCEPTED_FOR_MODELING,NOT_ACCEPTED_FOR_MODELING,Read official contract/lot-size documentation only; no instrument-master API request.,false,false,Critical for later option contract/lot-size validity; not a predictor by itself.
P4-030,FX,Fallback global equity/FX/commodity source licenses,https://finance.yahoo.com/ ; https://stooq.com/ ; see manifests,FREE_FALLBACK,DAILY_GLOBAL_SERIES,Run44 series around 2020-10 onwards,2026-10-09 in prior Run44 artifact,Daily,"Global index returns, timestamps, FX/commodity data if source verified",Yahoo S&P500/Nasdaq/Nikkei/Hang Seng marked ACTIVE_REFERENCE and prior Run44 has four peer series; Stooq alternatives marked SECONDARY_ONLY and previous CI saw truncation/intermittence for some. Need timestamp and provider licensing/terms; no cache-hit credit from prior workflow because Run44 reported `cache_hit:false` for all global series.,PARTIAL_PRIOR_ARTIFACT_FREE_FALLBACK,Terms not reviewed as redistribution license,No global CSV cache in committed data directory,NOT_ACCEPTED_AS_LOCAL_CACHE,NOT_ACCEPTED_FOR_MODELING,Review source/provider terms only; no series refresh.,false,false,Do not call fallback canonical or assume reproducible cache.
P4-031,NEWS_ARCHIVE,Historical timestamped financial news archive for NIFTY papers,https://www.gdeltproject.org/,PUBLIC_NEWS_ARCHIVE_LEAD,NEWS_EVENT/GKG,"GDELT 2.0 source states starting 2015-02-19, historical files/feeds advertised",Current,15-min file update/metadata/event records; exact fields depend product,Potential article metadata/source/time and event/coded topic data; not necessarily full text,"GDELT may offer global news metadata files since 2015 while its DOC API only searches last three months; source-level test needed to establish India/NIFTY relevant coverage without dataset download. Must separate event/publication time, system observation time, URL revisions and content availability; a coded theme/sentiment is not the paper's BERT/tweet mood model.",DOCS_METADATA_FOUND_BULK_ARCHIVE_LEAD_NOT_SAMPLED,Public data terms/licensing and text-body rights require review,No GDELT/news/social files in repo data cache,NOT_ACCEPTED_FOR_MODELING,NOT_ACCEPTED_FOR_MODELING,"Review GDELT archive schemas, publication timestamps and terms only; no event files or article records requested.",false,false,Candidate free news-metadata path; no article or dataset request made.
P4-032,MODEL_ARTIFACT,PPR3 predeclared pretrained text model settings (FinBERT),ProsusAI/finbert model card referenced in PPR3 settings,PUBLIC_MODEL_METADATA_LEAD,PRETRAINED_MODEL,Current model reference; revision must be pinned,Current,Model artifact,"Tokenizer, model config and model weights",PPR3 model settings name `ProsusAI/finbert` but explicitly requires revision pin and says no model download/inference authorized. Model files aren't cached in Git. Model license/version/pin must be verified; model weights are a bulk download and explicitly outside present PPR4 scope.,NOT_AUTHORIZED_FOR_DOWNLOAD,Model-specific license/version unverified in this pass,No pretrained model cache present in data tree,NOT_ACCEPTED_FOR_MODELING,NOT_ACCEPTED_FOR_MODELING,Check model-card/license/revision metadata only; no weights or tokenizer downloads.,false,false,Model settings do not imply allowed acquisition or historical-text feature coverage.
