source_group,provider,endpoint_or_reference,role,priority,field_coverage,expected_window_or_grain,license_or_access_review,next_action,missing_source_disposition
DHAN_DAILY_INDEX,DhanHQ,https://api.dhan.co/v2/charts/historical,PRIMARY_ACCEPTED_BY_USER,1,"NIFTY daily OHLCV","From inception; daily; chunk by calendar year only if response caps require","User has Data API subscription/token; exact stored rows accepted without external value cross-check","New separately approved acquisition manifest; immutable chunks and hashes","If request fails, log and continue NSE index fallback"
DHAN_INTRADAY_INDEX,DhanHQ,https://api.dhan.co/v2/charts/intraday,PRIMARY_ACCEPTED_BY_USER,1,"NIFTY 1-minute OHLCV; derived 5/15/30/60-minute bars","Up to five years; 90-day maximum per request","Data API access; preserve request and source metadata","Serial resumable 90-day shards","If unavailable, use a licensable time-stamped public dataset or mark intraday cells NOT_ESTIMABLE while daily research continues"
DHAN_EXPIRED_OPTIONS,DhanHQ,https://api.dhan.co/v2/charts/rollingoption,PRIMARY_ACCEPTED_BY_USER,1,"Rolling option OHLC/IV/OI/volume/strike/spot","Up to five years; 30-day maximum per request","Data API access; preserve request and source metadata","Start 5-minute ATM +/-5; expand only under a pre-registered task","If unavailable, use NSE derivatives archives / licensed open options data; other families continue"
NSE_DAILY_INDEX,NSE Indices,https://www.nseindia.com/static/resources/historical-reports-capital-market-daily-monthly-archives,FALLBACK_OFFICIAL,2,"Daily NIFTY OHLC/TRI where available","Daily archive","Archive reuse/retention terms to be checked for the fallback copy","Fetch only under the future exact-source manifest","Use as a fallback or separate source series; not a prerequisite to accepting Dhan"
NSE_DERIVATIVES,NSE India,https://www.nseindia.com/all-reports-derivatives,FALLBACK_OFFICIAL,2,"UDiFF bhavcopy, settlement, OI, participant reports, FII derivatives reports","Daily EOD","Terms and 2024-07-08 format boundary require handling","Versioned parser and dated shards","Skip only unavailable derivatives fields/families"
NSE_INDIA_VIX,NSE Indices,https://www.nseindia.com/static/products-services/indices-indiavix-index,FALLBACK_OFFICIAL,2,"India VIX and methodology","Daily","Public source; history terms/schema to be documented","Time-stamped history acquisition","A different volatility proxy stays separately named"
NSE_FII_DII,NSE India,https://www.nseindia.com/reports/fii-dii,FALLBACK_OFFICIAL,2,"Aggregate cash buy/sell/net; variant scope recorded","Daily, potentially revised","Publication timing/revisions required","Capture report/vintage timestamps","Use CDSL/SEBI FPI as separately labeled partial substitute; do not relabel FPI as DII"
CDSL_FPI,CDSL,https://www.cdslindia.com/Publications/ForeignPortInvestor.html,FALLBACK_OFFICIAL,3,"FPI aggregate transactions by reported scope","Daily dated reports","Terms and report-vs-trade date documented","Archive dated reports where usable","Continue using eligible other feature families"
SEBI_FPI,SEBI,https://www.sebi.gov.in/statistics/fpi-investment/trade-wise-equity-data-of-fpi.html,FALLBACK_OFFICIAL,3,"Transaction-level FPI equity records","Monthly source files with transaction dates","Source terms/schema/version documented","Separate transaction table; aggregate causally by trade/available time","FPI-only feature remains distinct"
CBOE_VIX,Cboe,https://www.cboe.com/tradable_products/vix/vix_historical_data,FALLBACK_OFFICIAL_GLOBAL,2,"Global volatility index","Daily","Use as global proxy only; local close/time-zone rules","Fetch and align by actual availability","Does not replace India VIX under same field name"
US_TREASURY,US Treasury,https://home.treasury.gov/treasury-daily-interest-rate-xml-feed,FALLBACK_OFFICIAL_GLOBAL,2,"US yield curve","Daily release","Release time/schema requires documented treatment","Version and publication-time manifest","Continue with available global features if feed is unavailable"
GDELT,GDELT,https://www.gdeltproject.org/,FALLBACK_OPEN_NEWS,3,"Historical news/events and derived sentiment inputs","Event/article timestamps","Archive schema and point-in-time availability must be tested","Use publication-time-safe joins","News candidate cells marked NOT_ESTIMABLE if no point-in-time-safe source remains"
