source_id,title,year,source_class,evidence_class,url_or_doi,verification_status,related_methods,related_hypotheses,replication_requirement,notes,review_depth,ppr2_disposition,uploaded_pdf_exact_match,conceptual_overlap_only,paper_or_source_task,ppr2_action,limitations_and_blockers
L001,Adaptive Markets: Financial Evolution at the Speed of Thought,2005,JIC,METHODOLOGY,https://web.mit.edu/Alo/www/Papers/JIC2005_Final.pdf,verified,E08|E10,H12,method/evidence source; no empirical performance accepted,Regime-dependent efficiency framework,REGISTRY_AND_REVIEW,BACKGROUND_METHOD_FRAMEWORK,NONE_EXACT,NONE,Adaptive Markets/regime-dependent efficiency conceptual framework; no standalone forecaster,Carry as theoretical basis for predeclared regime-conditioned hypotheses; avoid treating it as proof of edge,"Source supports a regime-dependent efficiency hypothesis, not a profitable NIFTY rule."
L002,A Reality Check for Data Snooping,2000,Econometrica,METHODOLOGY,https://doi.org/10.1111/1468-0262.00152,verified,J07,H19,method/evidence source; no empirical performance accepted,Multiple testing,REGISTRY_AND_REVIEW,STATISTICAL_METHOD,NONE_EXACT,NONE,White Reality Check for data-snooping correction,Methodology reference for multiplicity control; current proposed contract uses a separately specified bootstrap max-statistic,No market-direction model to reproduce.
L003,"Data-Snooping, Technical Trading Rule Performance, and the Bootstrap",1999,Review of Financial Studies,METHODOLOGY,https://doi.org/10.1111/0022-1082.00163,verified,B01-B13|J01-J07,H01|H13,method/evidence source; no empirical performance accepted,Technical-rule data snooping,REGISTRY_AND_REVIEW,STATISTICAL_METHOD_AND_TECHNICAL_RULE_EVIDENCE,NONE_EXACT,NONE,Technical-rule universe and bootstrap/data-snooping evaluation,Methodology cross-reference for B01-B13/J01-J07; source registry URL-column alignment corrected during PPR-2,Not an exact NIFTY source-method replication row by itself.
L004,The Probability of Backtest Overfitting,2014,SSRN,METHODOLOGY,https://papers.ssrn.com/sol3/papers.cfm?abstract_id=2326253,verified,J03-J07,H19,method/evidence source; no empirical performance accepted,Backtest selection bias,REGISTRY_AND_REVIEW,ROBUSTNESS_METHOD,NONE_EXACT,NONE,Probability of Backtest Overfitting / selection-bias diagnostic,Reserve for robustness phase; not part of PPR-1/PPR-2 predictor set,Do not claim CSCV/PBO executed by citation alone.
L005,The Deflated Sharpe Ratio,2014,SSRN,METHODOLOGY,https://papers.ssrn.com/sol3/papers.cfm?abstract_id=2460551,verified,J03-J07,H19,method/evidence source; no empirical performance accepted,Sharpe correction,REGISTRY_AND_REVIEW,PERFORMANCE_INFERENCE_METHOD,NONE_EXACT,NONE,Deflated Sharpe Ratio,Reference for a later strategy/performance gate only; not direction classification,No strategy result is calculated here.
L006,Comparing Predictive Accuracy,1995,JASA,METHODOLOGY,https://doi.org/10.1080/07350015.1995.10524599,verified,J03-J07,H19,method/evidence source; no empirical performance accepted,DM test,REGISTRY_AND_REVIEW,FORECAST_COMPARISON_METHOD,NONE_EXACT,NONE,Diebold-Mariano predictive-accuracy comparison,Potential supplementary pairwise test if its assumptions and dependence treatment fit; not a substitute for preregistered familywise testing,"Method paper, not a predictor."
L007,Stepwise SPA test,2010,Economics Letters,METHODOLOGY,https://www.sciencedirect.com/science/article/pii/S0927539810000022,verified,J03-J07,H19,method/evidence source; no empirical performance accepted,Data-snooping multiple models,REGISTRY_AND_REVIEW,MULTIPLE_MODEL_INFERENCE_METHOD,NONE_EXACT,NONE,Stepwise Superior Predictive Ability test,Multiplicity-control reference; can be compared with the current familywise bootstrap during PPR-3 methods review,No prediction model to reproduce.
L008,Technical trading revisited,2012,Journal of Financial Economics,METHODOLOGY,https://www.sciencedirect.com/science/article/pii/S0304405X1200116X,verified,B01-B13,H01,method/evidence source; no empirical performance accepted,Technical rules and costs,REGISTRY_AND_REVIEW,TECHNICAL_RULE_EMPIRICAL_EVIDENCE,NONE_EXACT,P11,"Technical trading rules, false discoveries, persistence and transaction costs",Review exact full text to extract which rules/results are actually implemented before adding any paper-native configuration,Registry note frames it as evidence; no rules are presumed implemented from title alone.
L009,Technical market indicators overview,2015,Decision Support Systems,EMPIRICAL,https://www.sciencedirect.com/science/article/pii/S2214635014000495,verified,B01-B13,H01|H02,method/evidence source; no empirical performance accepted,Indicator universe review,REGISTRY_AND_REVIEW,BACKGROUND_REVIEW,NONE_EXACT,P11,Review of technical indicators,Background source to justify candidate breadth; do not create an individual model configuration from a survey alone,Full-text synthesis not yet completed in this phase.
L010,Technical analysis aligned approach,2018,Journal of Empirical Finance,EMPIRICAL,https://www.sciencedirect.com/science/article/pii/S1386418117300824,verified,B01-B13,H01,method/evidence source; no empirical performance accepted,Technical information,REGISTRY_AND_REVIEW,EMPIRICAL_TECHNICAL_METHOD_SOURCE,NONE_EXACT,P11,Technical-information combination / aligned approach,"Extract its precise feature definitions, target, period, split and result tables during PPR-2 detail review; keep unverified until traced",Not equivalent to every B-family method.
L011,Accounting vs technical information,2025,Journal of International Money and Finance,EMPIRICAL,https://www.sciencedirect.com/science/article/pii/S1042443125000976,verified,B01-B13|G,H01|H13,method/evidence source; no empirical performance accepted,Short-horizon predictability and turnover,REGISTRY_AND_REVIEW,EMPIRICAL_TECHNICAL_AND_ACCOUNTING_EVIDENCE,NONE_EXACT,P11,Short-horizon technical/accounting information and turnover/cost implications,Use as context for incremental feature-family hypotheses and turnover constraints; extract method/result evidence before replication claim,Author-reported association is not a deployed prediction model.
L012,Option Return Predictability a Machine-Learning Approach,2018,SSRN,EMPIRICAL,https://papers.ssrn.com/sol3/papers.cfm?abstract_id=3073791,verified,F01-F15|J08,H17,method/evidence source; no empirical performance accepted,Option moneyness maturity predictors,REGISTRY_AND_REVIEW,OPTION_RETURN_PREDICTION_DIFFERENT_TASK,NONE_EXACT,P03; P10 (concept overlap only),Machine learning to predict individual option returns across moneyness/maturity,Keep separate from NIFTY spot-direction labels; defer option-return model replication to a reviewed option-specific task,Option return predictability does not prove next-session spot direction.
L013,Information content of order imbalance in index options,2021,Research/Journal,EMPIRICAL,https://www.sciencedirect.com/science/article/pii/S1059056021002367,verified,F03-F05|H06,H06,method/evidence source; no empirical performance accepted,Order imbalance,REGISTRY_AND_REVIEW,OPTION_ORDER_FLOW_EVIDENCE,NONE_EXACT,P03; P07 (concept overlap only),Order imbalance in index options and information about index returns,Map to F03-F05 hypothesis; source-specific measure/forecast horizon/sample require full-text extraction,Do not transfer international-market estimates directly to NSE without testing.
L014,Does information drive trading in option strategies,2010,Research/Journal,EMPIRICAL,https://www.sciencedirect.com/science/article/pii/S037842661000097X,verified,F03-F05,H06,method/evidence source; no empirical performance accepted,Flow information,REGISTRY_AND_REVIEW,OPTION_FLOW_STRATEGY_EVIDENCE,NONE_EXACT,P03; P07 (concept overlap only),Information content of trading in option strategies,"Treat as evidence about flow/strategy informativeness, not a ready-to-run NIFTY predictor",Paper-native strategy targets must be distinguished from spot forecasts.
L015,Index Option Trading Activity and Market Returns,2016,SSRN,EMPIRICAL,https://papers.ssrn.com/sol3/papers.cfm?abstract_id=2798390,verified,F03-F05|G08,H06,method/evidence source; no empirical performance accepted,Index option activity,REGISTRY_AND_REVIEW,OPTION_ACTIVITY_AND_INDEX_RETURN_EVIDENCE,NONE_EXACT,P03; P07 (concept overlap only),Index option trading activity and subsequent market returns,Map to F03-F05 plus G08/regime interaction hypotheses; preserve market/sample differences,Not an NSE replication or proof of predictive edge.
L016,Joint modeling of call and put implied volatility,2009,Research/Journal,EMPIRICAL,https://www.sciencedirect.com/science/article/pii/S0169207009000041,verified,F06-F08,H05,method/evidence source; no empirical performance accepted,IV asymmetry,REGISTRY_AND_REVIEW,IV_SURFACE_METHOD_SOURCE,NONE_EXACT,P03; P07 (concept overlap only),Joint call-put implied-volatility modeling,Map call/put interaction to F06-F08 feature designs; exact estimator/result definitions need source-level extraction,Volatility-surface behavior is not inherently directional.
L017,Retail option traders and the implied volatility surface,2026,Journal of Financial Economics,EMPIRICAL,https://www.sciencedirect.com/science/article/pii/S0304405X26000097,verified,F01-F08|F13,H05,method/evidence source; no empirical performance accepted,Recent retail/surface evidence,ABSTRACT_AND_PUBLISHER_METADATA,EMPIRICAL_IV_SURFACE_DEMAND_EVIDENCE,NONE_EXACT,P03; P07 (concept overlap only),"Retail demand shifts implied-volatility term structure, moneyness curve and call-put spread",Use to motivate retail-pressure/surface-state variables; no direct NIFTY direction model; full paper/market transfer limitations remain,"Published JFE paper, March 2026; abstract/metadata checked, not full-text replicated."
L018,Predicting option prices from price history using machine learning,2026,Research/Journal,EMPIRICAL,https://link.springer.com/article/10.1007/s11147-026-09228-9,verified,F01-F15|D01-D15,H17,method/evidence source; no empirical performance accepted,Option forecast task,REGISTRY_AND_PUBLISHER_METADATA,OPTION_PRICE_FORECAST_DIFFERENT_TASK,NONE_EXACT,P03; P10 (concept overlap only),ML option-price forecasting from historical price information,"Treat option-contract price as a distinct target; require target contract, strike/expiry and chronological split before any adaptation",Title and registry metadata do not establish spot direction performance.
L019,India VIX official index methodology,current,NSE,PRIMARY,https://www.nseindia.com/static/products-services/indices-indiavix-index,verified,G16|H04,H04,method/evidence source; no empirical performance accepted,Official India VIX page,OFFICIAL_SOURCE_PAGE,PRIMARY_DEFINITION_AND_DATA_DICTIONARY,NONE_EXACT,P07 (concept overlap only),Official India VIX definition and product page,Use as official documentation only; obtain as-of publication/availability details in later source-gate review,Not a predictor or empirical performance claim.
L020,India VIX computation methodology,current,NSE methodology,PRIMARY,https://nsearchives.nseindia.com/web/sites/default/files/inline-files/India_VIX_comp_meth.pdf,verified,G16|F01,H04,method/evidence source; no empirical performance accepted,Official methodology PDF,OFFICIAL_METHODOLOGY_PDF_METADATA,PRIMARY_INDEX_METHODOLOGY,NONE_EXACT,P07 (concept overlap only),India VIX construction methodology,Use to define/validate VIX derivation and look-ahead timing; no source file download initiated during PPR-2,"Methodology document, not a forecasting model."
L021,Historical Contract-wise Price Volume Data,current,NSE,PRIMARY,https://www.nseindia.com/report-detail/fo_eq_security,verified,F01-F15,H05|H06|H16,method/evidence source; no empirical performance accepted,Official options EOD fields,REGISTRY_METADATA,PRIMARY_OPTIONS_DATA_SOURCE,NONE_EXACT,P03; P07 (concept overlap only),NSE historical contract-wise price/volume/OI records,Source lead only; defer acquisition until the relevant data-feasibility and exact-snapshot gates authorize it,No data pull is authorized by this crosswalk.
L022,All Reports Derivatives,current,NSE,PRIMARY,https://www.nseindia.com/all-reports-derivatives,verified,G14-G15|F03-F05,H07,method/evidence source; no empirical performance accepted,Official derivatives report hub,REGISTRY_METADATA,PRIMARY_DERIVATIVES_REPORT_SOURCE,NONE_EXACT,P03; P07 (concept overlap only),NSE derivatives report hub and participant statistics,Source lead for FII/FPI/participant-flow features; map precise report names and publication times in data phase,No data pull is authorized by this crosswalk.
L023,FII FPI DII trading activity,current,NSE,PRIMARY,https://www.nseindia.com/reports/fii-dii,verified,G14-G15,H07,method/evidence source; no empirical performance accepted,Institutional flows,REGISTRY_METADATA,PRIMARY_INSTITUTIONAL_FLOW_SOURCE,NONE_EXACT,P07 (concept overlap only),NSE FII/FPI and DII activity page,"Source lead for institutional flow; later require publication timestamps, revision/vintage controls and missingness audit",No data pull is authorized by this crosswalk.
L024,Historical index data,current,NSE,PRIMARY,https://www.nseindia.com/reports-indices-historical-index-data,verified,G01-G03,H08,method/evidence source; no empirical performance accepted,NIFTY index source,REGISTRY_METADATA,PRIMARY_INDEX_PRICE_SOURCE,NONE_EXACT,P01/P05/P12 (concept overlap only),NSE historical index data,Primary-source lead for index history; acquisition/cache/source comparison remains behind its separate gate,No data pull is authorized by this crosswalk.
L025,Study Profitability of Individual Traders FY25-FY26,2026,SEBI,PRIMARY,https://www.sebi.gov.in/reports-and-statistics/research/aug-2026/study-profitability-of-individual-traders-in-the-equity-derivatives-segment-fy25-fy26-_103835.html,verified,H01-H20|J08,H15|H16,method/evidence source; no empirical performance accepted,Current regulatory context,OFFICIAL_SOURCE_URL_IN_REGISTRY,REGULATORY_CONTEXT_NOT_PREDICTOR,NONE_EXACT,NONE,SEBI FY25-FY26 study of individual trader profitability in equity derivatives,Use as current regulatory/retail-risk context; do not encode its reported outcome as a market-direction feature,Not a forecast model and not proof of this project's strategy outcomes.
L026,Study Trading Behaviour of Individual Traders FY25-FY26,2026,SEBI,PRIMARY,https://www.sebi.gov.in/reports-and-statistics/research/aug-2026/study-trading-behaviour-of-individual-traders-in-the-equity-derivatives-segment-fy25-fy26-_103836.html,verified,H01-H20|J08,H15|H16,method/evidence source; no empirical performance accepted,Current regulatory context,OFFICIAL_SOURCE_URL_IN_REGISTRY,REGULATORY_CONTEXT_NOT_PREDICTOR,NONE_EXACT,NONE,SEBI FY25-FY26 study of trading behaviour,Use as context for market participation/trading behavior only after reading the report; not a predictor,Official study source; model replication is inapplicable.
L027,High-frequency return implied-volatility relationship Nifty and India VIX,2020,Journal/Ideas,EMPIRICAL,https://ideas.repec.org/a/jda/journl/vol.54year2020issue3pp53-68.html,verified,G16|H04,H04,method/evidence source; no empirical performance accepted,Five-minute relation,REGISTRY_AND_ABSTRACT_METADATA,EMPIRICAL_INTRADAY_VIX_RETURN_RELATIONSHIP,NONE_EXACT,P07 (concept overlap only),Five-minute NIFTY/India-VIX return/volatility interactions,"Map to G16 and volatility/regime interactions; if tested, define an intraday as-of task distinct from daily PPR targets",Source-native frequency differs from common daily 1/2/3/5/10-session targets.
L028,India VIX and equity-index returns,2014,Journal/DOI,EMPIRICAL,https://doi.org/10.1108/JES-12-2013-0198,verified,G16|H04,H04,method/evidence source; no empirical performance accepted,VIX/NIFTY asymmetry,REGISTRY_AND_METADATA,EMPIRICAL_VIX_INDEX_RETURN_RELATIONSHIP,NONE_EXACT,P07 (concept overlap only),India VIX/equity-index return asymmetry,Use as hypothesis/background for regime-conditioned features; extract precise date span and method before replication claim,Association is not automatically predictive or tradable.
L029,Forecasting direction of daily changes in India VIX using ML,2022,Journal/MDPI,EMPIRICAL,https://www.mdpi.com/1911-8074/15/12/552,verified,E09,H04,method/evidence source; no empirical performance accepted,Volatility-state prediction,REGISTRY_AND_PAPER_METADATA,VIX_DIRECTION_FORECAST_DIFFERENT_TARGET,NONE_EXACT,P07 (concept overlap only),ML predicts direction of daily India VIX changes,"Target is VIX direction, not NIFTY spot direction; use only as potential upstream regime state after separate validation",Models/target/split metrics need full-text extraction.
L030,NIFTY 50 and India VIX spillover study,2025,International Journal,EMPIRICAL,https://ideas.repec.org/a/spr/ijsaem/v16y2025i6d10.1007_s13198-025-02711-w.html,verified,G16|E08,H04,method/evidence source; no empirical performance accepted,Changing dependence,REGISTRY_AND_ABSTRACT_METADATA,VOLATILITY_SPILLOVER_AND_REGIME_EVIDENCE,NONE_EXACT,P07 (concept overlap only),NIFTY/India-VIX spillovers and changing dependence,Map to E08/G16 and regime-conditioned dependence hypotheses; preserve source-native econometric outcome,Not a direct market-direction model unless separately adapted.
L031,Open Interest Repositioning around Intraday Price-structure Breaks in NIFTY 50 Index Options,2026,SSRN,REPLICATION_TARGET,https://papers.ssrn.com/sol3/papers.cfm?abstract_id=7394780,verified_pending,F03-F05|B12,H06,independent replication required,Recent NIFTY OI hypothesis,ABSTRACT_VERIFIED,REPLICATION_TARGET_OPTIONS_MICROSTRUCTURE,NONE_EXACT,P03 (concept overlap only),PE-minus-CE OI differential around intraday Break-of-Structure/Change-of-Character events,"Record as a recent, directly relevant hypothesis; full-text configuration and data availability need separate review; no reproduction yet","SSRN preprint posted Sep 3, 2026; public abstract indicates a one-year NIFTY 50 index-options dataset and nested association hypotheses; abstract is not independent validation."
L032,Explainable XGBoost for NIFTY 50 direction,2026,Academia/Journal,REPLICATION_TARGET,https://www.abacademies.org/articles/an-explainable-machine-learning-framework-for-predicting-nifty-50-stock-market-direction-using-xgboost-and-shap-analysis-18199.html,verified_pending,D03-D06,H13,independent replication required,Recent NIFTY ML claim,REGISTRY_METADATA_ONLY,REPLICATION_TARGET_NIFTY_DIRECTION,NONE_EXACT,P12/P13 (concept overlap only),NIFTY direction prediction with explainable XGBoost and SHAP,"Keep as a replication target only; verify full-text method, target, split, input vintage and exact reported metric before listing a configuration",Current web pass did not independently confirm method details; verification_pending preserved.
L033,Can News Sentiment Improve Deep Learning Models for Nifty 50 Index Forecasting,2025,ResearchGate/IEEE lead,REPLICATION_TARGET,https://www.researchgate.net/publication/398712882_Can_News_Sentiment_Improve_Deep_Learning_Models_for_Nifty_50_Index_Forecasting,verified_pending,H01,H10,independent replication required,Recent sentiment claim,ABSTRACT_AND_METADATA,REPLICATION_TARGET_NEWS_SENTIMENT,NONE_EXACT,P07 (concept overlap only),News sentiment combined with deep-learning NIFTY forecasting,Inspect full text and sentiment timestamps; preserve source-native model/target before a separate leakage-safe adaptation,IEEE Access article metadata/abstract found via public index; DOI 10.1109/ACCESS.2025.3644013; exact result tables not reproduced.
L034,Wavelet decomposed cross-country NIFTY prediction,2026,ResearchGate,REPLICATION_TARGET,https://www.researchgate.net/publication/406025875_A_Wavelet-Decomposed_D-Band_with_Constricted_PSO-Tuned_Light_Gradient_Boosting_Machine_for_Indian_Stock_Market_Prediction_with_Cross-Country_Market_Influence,verified_pending,D03-D06|G04-G07,H08|H13,independent replication required,Recent complex ML claim,REGISTRY_METADATA_ONLY,REPLICATION_TARGET_WAVELET_CROSS_MARKET,NONE_EXACT,P12/P13 (concept overlap only),"Wavelet decomposition, PSO-tuned LightGBM and cross-country influence","Treat as a complex, high-selection-risk replication target; do not infer exact feature transforms or results from title alone",Verification_pending; full text and data/split remain unreviewed.
L035,Harvesting VRP in Nifty index options,2026,ResearchGate,REPLICATION_TARGET,https://papers.ssrn.com/sol3/papers.cfm?abstract_id=6876580,verified_pending,F09|H04|J08,H16|H18,independent replication required,Project-relevant cost/friction study,REGISTRY_METADATA_ONLY,OPTIONS_VRP_STRATEGY_CONTEXT_NOT_PREDICTOR,NONE_EXACT,P03 (concept overlap only),NIFTY options variance-risk-premium harvesting,Separate options-premium/strategy outcome from spot-direction prediction; defer to a reviewed strategy phase and apply current costs if ever authorized,Verification_pending; no strategy analysis or P&L run in PPR-2.
L036,NIFTY50 Market Direction Prediction,unknown,GitHub,OPEN_SOURCE,https://github.com/AtomicHalifax/NIFTY50-Market-Direction-Prediction,verified_pending,D01-D15,H13,independent replication required,Replication code target,REPOSITORY_README_VERIFIED,OPEN_SOURCE_REPLICATION_TARGET_NIFTY_DIRECTION,NONE_EXACT,P12/P13 (concept overlap only),"Next-day binary NIFTY direction using historical prices, global indicators and engineered technical features; repository names scikit-learn/XGBoost/LightGBM/CatBoost","Inspect source code, feature timestamps, label shift, train/validation/test boundaries, data license/provenance and metrics before granting replication status",Public repository README self-reports Yahoo-derived daily data over 2008-2026 and chronological train/validation/test splits; claims remain unverified and source code has not been executed.
